label,TreeLevel,DetailsFile
1,1,
2,2,
3,2,
4,3,
5,2,
6,3,
7,3,
8,4,
9,4,
10,4,
11,4,
12,4,
13,4,
14,4,
15,3,
16,4,
17,4,
18,4,
19,4,
20,4,
21,4,
22,4,
23,3,
24,4,
25,5,
26,6,
27,6,
28,5,
29,6,
30,7,
31,7,
32,8,
33,7,
34,7,
35,7,
36,8,
37,8,
38,8,
39,8,
40,8,
41,7,
42,7,
43,8,
44,8,
45,8,
46,9,
47,9,
48,9,
49,9,
50,9,
51,8,
52,8,
53,9,
54,10,
55,9,
56,10,
57,11,
58,12,
59,12,
60,13,
61,11,
62,11,
63,10,
64,10,
65,10,
66,9,
67,9,
68,10,
69,10,
70,10,
71,10,
72,9,
73,8,
74,6,
75,6,
76,6,
77,6,
78,6,
79,6,
80,6,
81,5,
82,5,
83,5,
84,5,
85,6,
86,6,
87,6,
88,6,
89,5,
90,5,
91,5,
92,4,
93,4,
94,5,
95,5,
96,5,
97,4,
98,5,
99,4,
100,4,
101,4,
102,5,
103,5,
104,4,
105,4,
106,4,
107,5,
108,5,
109,5,
110,5,
111,5,
112,5,
113,5,
114,5,
115,3,
116,4,
117,4,
118,3,
119,4,
120,3,
121,4,
122,3,
123,3,
124,4,
125,3,
126,3,
127,2,
128,3,
129,2,
130,2,
131,2,
132,2,
133,2,
134,2,
135,2,
136,2,
137,3,
138,3,
139,3,
140,3,
141,3,
142,14,proteinCFMSelute.php?rep=1&prot=Q8TAA3
143,14,proteinCFMSelute.php?rep=1&prot=P28070
144,14,proteinCFMSelute.php?rep=1&prot=P28074
145,14,proteinCFMSelute.php?rep=1&prot=P49721
146,14,proteinCFMSelute.php?rep=1&prot=P20618
147,14,proteinCFMSelute.php?rep=1&prot=O14818
148,14,proteinCFMSelute.php?rep=1&prot=P28072
149,14,proteinCFMSelute.php?rep=1&prot=Q99436
150,14,proteinCFMSelute.php?rep=1&prot=P25789
151,14,proteinCFMSelute.php?rep=1&prot=P25788
152,14,proteinCFMSelute.php?rep=1&prot=P60900
153,14,proteinCFMSelute.php?rep=1&prot=P28066
154,14,proteinCFMSelute.php?rep=1&prot=P25787
155,15,proteinCFMSelute.php?rep=1&prot=Q8TAA3
156,15,proteinCFMSelute.php?rep=1&prot=P28070
157,15,proteinCFMSelute.php?rep=1&prot=P28074
158,15,proteinCFMSelute.php?rep=1&prot=P49721
159,15,proteinCFMSelute.php?rep=1&prot=P20618
160,15,proteinCFMSelute.php?rep=1&prot=O14818
161,15,proteinCFMSelute.php?rep=1&prot=P28072
162,15,proteinCFMSelute.php?rep=1&prot=Q99436
163,15,proteinCFMSelute.php?rep=1&prot=P25789
164,15,proteinCFMSelute.php?rep=1&prot=P25788
165,15,proteinCFMSelute.php?rep=1&prot=P60900
166,15,proteinCFMSelute.php?rep=1&prot=P28066
167,15,proteinCFMSelute.php?rep=1&prot=P25787
168,16,proteinCFMSelute.php?rep=1&prot=Q8TAA3
169,16,proteinCFMSelute.php?rep=1&prot=P28070
170,16,proteinCFMSelute.php?rep=1&prot=P28074
171,16,proteinCFMSelute.php?rep=1&prot=P49721
172,16,proteinCFMSelute.php?rep=1&prot=P20618
173,16,proteinCFMSelute.php?rep=1&prot=O14818
174,16,proteinCFMSelute.php?rep=1&prot=P28072
175,16,proteinCFMSelute.php?rep=1&prot=Q99436
176,16,proteinCFMSelute.php?rep=1&prot=P25789
177,16,proteinCFMSelute.php?rep=1&prot=P25788
178,16,proteinCFMSelute.php?rep=1&prot=P60900
179,16,proteinCFMSelute.php?rep=1&prot=P28066
180,16,proteinCFMSelute.php?rep=1&prot=P25787
181,17,proteinCFMSelute.php?rep=1&prot=Q8TAA3
182,17,proteinCFMSelute.php?rep=1&prot=P28070
183,17,proteinCFMSelute.php?rep=1&prot=P28074
184,17,proteinCFMSelute.php?rep=1&prot=P49721
185,17,proteinCFMSelute.php?rep=1&prot=P20618
186,17,proteinCFMSelute.php?rep=1&prot=O14818
187,17,proteinCFMSelute.php?rep=1&prot=P28072
188,17,proteinCFMSelute.php?rep=1&prot=Q99436
189,17,proteinCFMSelute.php?rep=1&prot=P25789
190,17,proteinCFMSelute.php?rep=1&prot=P25788
191,17,proteinCFMSelute.php?rep=1&prot=P60900
192,17,proteinCFMSelute.php?rep=1&prot=P28066
193,17,proteinCFMSelute.php?rep=1&prot=P25787
194,18,proteinCFMSelute.php?rep=1&prot=Q8TAA3
195,18,proteinCFMSelute.php?rep=1&prot=P28070
196,18,proteinCFMSelute.php?rep=1&prot=P28074
197,18,proteinCFMSelute.php?rep=1&prot=P49721
198,18,proteinCFMSelute.php?rep=1&prot=P20618
199,18,proteinCFMSelute.php?rep=1&prot=O14818
200,18,proteinCFMSelute.php?rep=1&prot=P28072
201,18,proteinCFMSelute.php?rep=1&prot=Q99436
202,18,proteinCFMSelute.php?rep=1&prot=P25789
203,18,proteinCFMSelute.php?rep=1&prot=P25788
204,18,proteinCFMSelute.php?rep=1&prot=P60900
205,18,proteinCFMSelute.php?rep=1&prot=P28066
206,18,proteinCFMSelute.php?rep=1&prot=P25787
207,19,proteinCFMSelute.php?rep=1&prot=Q8TAA3
208,19,proteinCFMSelute.php?rep=1&prot=P28070
209,19,proteinCFMSelute.php?rep=1&prot=P28074
210,19,proteinCFMSelute.php?rep=1&prot=P49721
211,19,proteinCFMSelute.php?rep=1&prot=P20618
212,19,proteinCFMSelute.php?rep=1&prot=O14818
213,19,proteinCFMSelute.php?rep=1&prot=P28072
214,19,proteinCFMSelute.php?rep=1&prot=Q99436
215,19,proteinCFMSelute.php?rep=1&prot=P25789
216,19,proteinCFMSelute.php?rep=1&prot=P25788
217,19,proteinCFMSelute.php?rep=1&prot=P60900
218,19,proteinCFMSelute.php?rep=1&prot=P28066
219,19,proteinCFMSelute.php?rep=1&prot=P25787
220,20,proteinCFMSelute.php?rep=1&prot=Q8TAA3
221,20,proteinCFMSelute.php?rep=1&prot=P28070
222,20,proteinCFMSelute.php?rep=1&prot=P28074
223,20,proteinCFMSelute.php?rep=1&prot=P49721
224,20,proteinCFMSelute.php?rep=1&prot=P20618
225,20,proteinCFMSelute.php?rep=1&prot=O14818
226,20,proteinCFMSelute.php?rep=1&prot=P28072
227,20,proteinCFMSelute.php?rep=1&prot=Q99436
228,20,proteinCFMSelute.php?rep=1&prot=P25789
229,20,proteinCFMSelute.php?rep=1&prot=P25788
230,20,proteinCFMSelute.php?rep=1&prot=P60900
231,20,proteinCFMSelute.php?rep=1&prot=P28066
232,20,proteinCFMSelute.php?rep=1&prot=P25787
233,21,proteinCFMSelute.php?rep=1&prot=Q8TAA3
234,21,proteinCFMSelute.php?rep=1&prot=P28070
235,21,proteinCFMSelute.php?rep=1&prot=P28074
236,21,proteinCFMSelute.php?rep=1&prot=P49721
237,21,proteinCFMSelute.php?rep=1&prot=P20618
238,21,proteinCFMSelute.php?rep=1&prot=O14818
239,21,proteinCFMSelute.php?rep=1&prot=P28072
240,21,proteinCFMSelute.php?rep=1&prot=Q99436
241,21,proteinCFMSelute.php?rep=1&prot=P25789
242,21,proteinCFMSelute.php?rep=1&prot=P25788
243,21,proteinCFMSelute.php?rep=1&prot=P60900
244,21,proteinCFMSelute.php?rep=1&prot=P28066
245,21,proteinCFMSelute.php?rep=1&prot=P25787
246,22,proteinCFMSelute.php?rep=1&prot=Q8TAA3
247,22,proteinCFMSelute.php?rep=1&prot=P28070
248,22,proteinCFMSelute.php?rep=1&prot=P28074
249,22,proteinCFMSelute.php?rep=1&prot=P49721
250,22,proteinCFMSelute.php?rep=1&prot=P20618
251,22,proteinCFMSelute.php?rep=1&prot=O14818
252,22,proteinCFMSelute.php?rep=1&prot=P28072
253,22,proteinCFMSelute.php?rep=1&prot=Q99436
254,22,proteinCFMSelute.php?rep=1&prot=P25789
255,22,proteinCFMSelute.php?rep=1&prot=P25788
256,22,proteinCFMSelute.php?rep=1&prot=P60900
257,22,proteinCFMSelute.php?rep=1&prot=P28066
258,22,proteinCFMSelute.php?rep=1&prot=P25787
259,23,proteinCFMSelute.php?rep=1&prot=Q8TAA3
260,23,proteinCFMSelute.php?rep=1&prot=P28070
261,23,proteinCFMSelute.php?rep=1&prot=P28074
262,23,proteinCFMSelute.php?rep=1&prot=P49721
263,23,proteinCFMSelute.php?rep=1&prot=P20618
264,23,proteinCFMSelute.php?rep=1&prot=O14818
265,23,proteinCFMSelute.php?rep=1&prot=P28072
266,23,proteinCFMSelute.php?rep=1&prot=Q99436
267,23,proteinCFMSelute.php?rep=1&prot=P25789
268,23,proteinCFMSelute.php?rep=1&prot=P25788
269,23,proteinCFMSelute.php?rep=1&prot=P60900
270,23,proteinCFMSelute.php?rep=1&prot=P28066
271,23,proteinCFMSelute.php?rep=1&prot=P25787
272,24,proteinCFMSelute.php?rep=1&prot=Q8TAA3
273,24,proteinCFMSelute.php?rep=1&prot=P28070
274,24,proteinCFMSelute.php?rep=1&prot=P28074
275,24,proteinCFMSelute.php?rep=1&prot=P49721
276,24,proteinCFMSelute.php?rep=1&prot=P20618
277,24,proteinCFMSelute.php?rep=1&prot=O14818
278,24,proteinCFMSelute.php?rep=1&prot=P28072
279,24,proteinCFMSelute.php?rep=1&prot=Q99436
280,24,proteinCFMSelute.php?rep=1&prot=P25789
281,24,proteinCFMSelute.php?rep=1&prot=P25788
282,24,proteinCFMSelute.php?rep=1&prot=P60900
283,24,proteinCFMSelute.php?rep=1&prot=P28066
284,24,proteinCFMSelute.php?rep=1&prot=P25787
285,25,proteinCFMSelute.php?rep=1&prot=Q8TAA3
286,25,proteinCFMSelute.php?rep=1&prot=P28070
287,25,proteinCFMSelute.php?rep=1&prot=P28074
288,25,proteinCFMSelute.php?rep=1&prot=P49721
289,25,proteinCFMSelute.php?rep=1&prot=P20618
290,25,proteinCFMSelute.php?rep=1&prot=O14818
291,25,proteinCFMSelute.php?rep=1&prot=P28072
292,25,proteinCFMSelute.php?rep=1&prot=Q99436
293,25,proteinCFMSelute.php?rep=1&prot=P25789
294,25,proteinCFMSelute.php?rep=1&prot=P25788
295,25,proteinCFMSelute.php?rep=1&prot=P60900
296,25,proteinCFMSelute.php?rep=1&prot=P28066
297,25,proteinCFMSelute.php?rep=1&prot=P25787
298,26,proteinCFMSelute.php?rep=1&prot=Q8TAA3
299,26,proteinCFMSelute.php?rep=1&prot=P28070
300,26,proteinCFMSelute.php?rep=1&prot=P28074
301,26,proteinCFMSelute.php?rep=1&prot=P49721
302,26,proteinCFMSelute.php?rep=1&prot=P20618
303,26,proteinCFMSelute.php?rep=1&prot=O14818
304,26,proteinCFMSelute.php?rep=1&prot=P28072
305,26,proteinCFMSelute.php?rep=1&prot=Q99436
306,26,proteinCFMSelute.php?rep=1&prot=P25789
307,26,proteinCFMSelute.php?rep=1&prot=P25788
308,26,proteinCFMSelute.php?rep=1&prot=P60900
309,26,proteinCFMSelute.php?rep=1&prot=P28066
310,26,proteinCFMSelute.php?rep=1&prot=P25787
311,27,proteinCFMSelute.php?rep=1&prot=Q8TAA3
312,27,proteinCFMSelute.php?rep=1&prot=P28070
313,27,proteinCFMSelute.php?rep=1&prot=P28074
314,27,proteinCFMSelute.php?rep=1&prot=P49721
315,27,proteinCFMSelute.php?rep=1&prot=P20618
316,27,proteinCFMSelute.php?rep=1&prot=O14818
317,27,proteinCFMSelute.php?rep=1&prot=P28072
318,27,proteinCFMSelute.php?rep=1&prot=Q99436
319,27,proteinCFMSelute.php?rep=1&prot=P25789
320,27,proteinCFMSelute.php?rep=1&prot=P25788
321,27,proteinCFMSelute.php?rep=1&prot=P60900
322,27,proteinCFMSelute.php?rep=1&prot=P28066
323,27,proteinCFMSelute.php?rep=1&prot=P25787
324,28,proteinCFMSelute.php?rep=1&prot=Q8TAA3
325,28,proteinCFMSelute.php?rep=1&prot=P28070
326,28,proteinCFMSelute.php?rep=1&prot=P28074
327,28,proteinCFMSelute.php?rep=1&prot=P49721
328,28,proteinCFMSelute.php?rep=1&prot=P20618
329,28,proteinCFMSelute.php?rep=1&prot=O14818
330,28,proteinCFMSelute.php?rep=1&prot=P28072
331,28,proteinCFMSelute.php?rep=1&prot=Q99436
332,28,proteinCFMSelute.php?rep=1&prot=P25789
333,28,proteinCFMSelute.php?rep=1&prot=P25788
334,28,proteinCFMSelute.php?rep=1&prot=P60900
335,28,proteinCFMSelute.php?rep=1&prot=P28066
336,28,proteinCFMSelute.php?rep=1&prot=P25787
337,29,proteinCFMSelute.php?rep=1&prot=Q8TAA3
338,29,proteinCFMSelute.php?rep=1&prot=P28070
339,29,proteinCFMSelute.php?rep=1&prot=P28074
340,29,proteinCFMSelute.php?rep=1&prot=P49721
341,29,proteinCFMSelute.php?rep=1&prot=P20618
342,29,proteinCFMSelute.php?rep=1&prot=O14818
343,29,proteinCFMSelute.php?rep=1&prot=P28072
344,29,proteinCFMSelute.php?rep=1&prot=Q99436
345,29,proteinCFMSelute.php?rep=1&prot=P25789
346,29,proteinCFMSelute.php?rep=1&prot=P25788
347,29,proteinCFMSelute.php?rep=1&prot=P60900
348,29,proteinCFMSelute.php?rep=1&prot=P28066
349,29,proteinCFMSelute.php?rep=1&prot=P25787
350,30,proteinCFMSelute.php?rep=1&prot=Q8TAA3
351,30,proteinCFMSelute.php?rep=1&prot=P28070
352,30,proteinCFMSelute.php?rep=1&prot=P28074
353,30,proteinCFMSelute.php?rep=1&prot=P49721
354,30,proteinCFMSelute.php?rep=1&prot=P20618
355,30,proteinCFMSelute.php?rep=1&prot=O14818
356,30,proteinCFMSelute.php?rep=1&prot=P28072
357,30,proteinCFMSelute.php?rep=1&prot=Q99436
358,30,proteinCFMSelute.php?rep=1&prot=P25789
359,30,proteinCFMSelute.php?rep=1&prot=P25788
360,30,proteinCFMSelute.php?rep=1&prot=P60900
361,30,proteinCFMSelute.php?rep=1&prot=P28066
362,30,proteinCFMSelute.php?rep=1&prot=P25787
363,31,proteinCFMSelute.php?rep=1&prot=Q8TAA3
364,31,proteinCFMSelute.php?rep=1&prot=P28070
365,31,proteinCFMSelute.php?rep=1&prot=P28074
366,31,proteinCFMSelute.php?rep=1&prot=P49721
367,31,proteinCFMSelute.php?rep=1&prot=P20618
368,31,proteinCFMSelute.php?rep=1&prot=O14818
369,31,proteinCFMSelute.php?rep=1&prot=P28072
370,31,proteinCFMSelute.php?rep=1&prot=Q99436
371,31,proteinCFMSelute.php?rep=1&prot=P25789
372,31,proteinCFMSelute.php?rep=1&prot=P25788
373,31,proteinCFMSelute.php?rep=1&prot=P60900
374,31,proteinCFMSelute.php?rep=1&prot=P28066
375,31,proteinCFMSelute.php?rep=1&prot=P25787
376,32,proteinCFMSelute.php?rep=1&prot=Q8TAA3
377,32,proteinCFMSelute.php?rep=1&prot=P28070
378,32,proteinCFMSelute.php?rep=1&prot=P28074
379,32,proteinCFMSelute.php?rep=1&prot=P49721
380,32,proteinCFMSelute.php?rep=1&prot=P20618
381,32,proteinCFMSelute.php?rep=1&prot=O14818
382,32,proteinCFMSelute.php?rep=1&prot=P28072
383,32,proteinCFMSelute.php?rep=1&prot=Q99436
384,32,proteinCFMSelute.php?rep=1&prot=P25789
385,32,proteinCFMSelute.php?rep=1&prot=P25788
386,32,proteinCFMSelute.php?rep=1&prot=P60900
387,32,proteinCFMSelute.php?rep=1&prot=P28066
388,32,proteinCFMSelute.php?rep=1&prot=P25787
389,33,proteinCFMSelute.php?rep=1&prot=Q8TAA3
390,33,proteinCFMSelute.php?rep=1&prot=P28070
391,33,proteinCFMSelute.php?rep=1&prot=P28074
392,33,proteinCFMSelute.php?rep=1&prot=P49721
393,33,proteinCFMSelute.php?rep=1&prot=P20618
394,33,proteinCFMSelute.php?rep=1&prot=O14818
395,33,proteinCFMSelute.php?rep=1&prot=P28072
396,33,proteinCFMSelute.php?rep=1&prot=Q99436
397,33,proteinCFMSelute.php?rep=1&prot=P25789
398,33,proteinCFMSelute.php?rep=1&prot=P25788
399,33,proteinCFMSelute.php?rep=1&prot=P60900
400,33,proteinCFMSelute.php?rep=1&prot=P28066
401,33,proteinCFMSelute.php?rep=1&prot=P25787
402,34,proteinCFMSelute.php?rep=1&prot=Q8TAA3
403,34,proteinCFMSelute.php?rep=1&prot=P28070
404,34,proteinCFMSelute.php?rep=1&prot=P28074
405,34,proteinCFMSelute.php?rep=1&prot=P49721
406,34,proteinCFMSelute.php?rep=1&prot=P20618
407,34,proteinCFMSelute.php?rep=1&prot=O14818
408,34,proteinCFMSelute.php?rep=1&prot=P28072
409,34,proteinCFMSelute.php?rep=1&prot=Q99436
410,34,proteinCFMSelute.php?rep=1&prot=P25789
411,34,proteinCFMSelute.php?rep=1&prot=P25788
412,34,proteinCFMSelute.php?rep=1&prot=P60900
413,34,proteinCFMSelute.php?rep=1&prot=P28066
414,34,proteinCFMSelute.php?rep=1&prot=P25787
415,35,proteinCFMSelute.php?rep=1&prot=Q8TAA3
416,35,proteinCFMSelute.php?rep=1&prot=P28070
417,35,proteinCFMSelute.php?rep=1&prot=P28074
418,35,proteinCFMSelute.php?rep=1&prot=P49721
419,35,proteinCFMSelute.php?rep=1&prot=P20618
420,35,proteinCFMSelute.php?rep=1&prot=O14818
421,35,proteinCFMSelute.php?rep=1&prot=P28072
422,35,proteinCFMSelute.php?rep=1&prot=Q99436
423,35,proteinCFMSelute.php?rep=1&prot=P25789
424,35,proteinCFMSelute.php?rep=1&prot=P25788
425,35,proteinCFMSelute.php?rep=1&prot=P60900
426,35,proteinCFMSelute.php?rep=1&prot=P28066
427,35,proteinCFMSelute.php?rep=1&prot=P25787
428,36,proteinCFMSelute.php?rep=1&prot=Q8TAA3
429,36,proteinCFMSelute.php?rep=1&prot=P28070
430,36,proteinCFMSelute.php?rep=1&prot=P28074
431,36,proteinCFMSelute.php?rep=1&prot=P49721
432,36,proteinCFMSelute.php?rep=1&prot=P20618
433,36,proteinCFMSelute.php?rep=1&prot=O14818
434,36,proteinCFMSelute.php?rep=1&prot=P28072
435,36,proteinCFMSelute.php?rep=1&prot=Q99436
436,36,proteinCFMSelute.php?rep=1&prot=P25789
437,36,proteinCFMSelute.php?rep=1&prot=P25788
438,36,proteinCFMSelute.php?rep=1&prot=P60900
439,36,proteinCFMSelute.php?rep=1&prot=P28066
440,36,proteinCFMSelute.php?rep=1&prot=P25787
441,37,proteinCFMSelute.php?rep=1&prot=Q8TAA3
442,37,proteinCFMSelute.php?rep=1&prot=P28070
443,37,proteinCFMSelute.php?rep=1&prot=P28074
444,37,proteinCFMSelute.php?rep=1&prot=P49721
445,37,proteinCFMSelute.php?rep=1&prot=P20618
446,37,proteinCFMSelute.php?rep=1&prot=O14818
447,37,proteinCFMSelute.php?rep=1&prot=P28072
448,37,proteinCFMSelute.php?rep=1&prot=Q99436
449,37,proteinCFMSelute.php?rep=1&prot=P25789
450,37,proteinCFMSelute.php?rep=1&prot=P25788
451,37,proteinCFMSelute.php?rep=1&prot=P60900
452,37,proteinCFMSelute.php?rep=1&prot=P28066
453,37,proteinCFMSelute.php?rep=1&prot=P25787
454,38,proteinCFMSelute.php?rep=1&prot=Q8TAA3
455,38,proteinCFMSelute.php?rep=1&prot=P28070
456,38,proteinCFMSelute.php?rep=1&prot=P28074
457,38,proteinCFMSelute.php?rep=1&prot=P49721
458,38,proteinCFMSelute.php?rep=1&prot=P20618
459,38,proteinCFMSelute.php?rep=1&prot=O14818
460,38,proteinCFMSelute.php?rep=1&prot=P28072
461,38,proteinCFMSelute.php?rep=1&prot=Q99436
462,38,proteinCFMSelute.php?rep=1&prot=P25789
463,38,proteinCFMSelute.php?rep=1&prot=P25788
464,38,proteinCFMSelute.php?rep=1&prot=P60900
465,38,proteinCFMSelute.php?rep=1&prot=P28066
466,38,proteinCFMSelute.php?rep=1&prot=P25787
467,39,proteinCFMSelute.php?rep=1&prot=Q8TAA3
468,39,proteinCFMSelute.php?rep=1&prot=P28070
469,39,proteinCFMSelute.php?rep=1&prot=P28074
470,39,proteinCFMSelute.php?rep=1&prot=P49721
471,39,proteinCFMSelute.php?rep=1&prot=P20618
472,39,proteinCFMSelute.php?rep=1&prot=O14818
473,39,proteinCFMSelute.php?rep=1&prot=P28072
474,39,proteinCFMSelute.php?rep=1&prot=Q99436
475,39,proteinCFMSelute.php?rep=1&prot=P25789
476,39,proteinCFMSelute.php?rep=1&prot=P25788
477,39,proteinCFMSelute.php?rep=1&prot=P60900
478,39,proteinCFMSelute.php?rep=1&prot=P28066
479,39,proteinCFMSelute.php?rep=1&prot=P25787
480,40,proteinCFMSelute.php?rep=1&prot=Q8TAA3
481,40,proteinCFMSelute.php?rep=1&prot=P28070
482,40,proteinCFMSelute.php?rep=1&prot=P28074
483,40,proteinCFMSelute.php?rep=1&prot=P49721
484,40,proteinCFMSelute.php?rep=1&prot=P20618
485,40,proteinCFMSelute.php?rep=1&prot=O14818
486,40,proteinCFMSelute.php?rep=1&prot=P28072
487,40,proteinCFMSelute.php?rep=1&prot=Q99436
488,40,proteinCFMSelute.php?rep=1&prot=P25789
489,40,proteinCFMSelute.php?rep=1&prot=P25788
490,40,proteinCFMSelute.php?rep=1&prot=P60900
491,40,proteinCFMSelute.php?rep=1&prot=P28066
492,40,proteinCFMSelute.php?rep=1&prot=P25787
493,41,proteinCFMSelute.php?rep=1&prot=Q8TAA3
494,41,proteinCFMSelute.php?rep=1&prot=P28070
495,41,proteinCFMSelute.php?rep=1&prot=P28074
496,41,proteinCFMSelute.php?rep=1&prot=P49721
497,41,proteinCFMSelute.php?rep=1&prot=P20618
498,41,proteinCFMSelute.php?rep=1&prot=O14818
499,41,proteinCFMSelute.php?rep=1&prot=P28072
500,41,proteinCFMSelute.php?rep=1&prot=Q99436
501,41,proteinCFMSelute.php?rep=1&prot=P25789
502,41,proteinCFMSelute.php?rep=1&prot=P25788
503,41,proteinCFMSelute.php?rep=1&prot=P60900
504,41,proteinCFMSelute.php?rep=1&prot=P28066
505,41,proteinCFMSelute.php?rep=1&prot=P25787
506,42,proteinCFMSelute.php?rep=1&prot=Q8TAA3
507,42,proteinCFMSelute.php?rep=1&prot=P28070
508,42,proteinCFMSelute.php?rep=1&prot=P28074
509,42,proteinCFMSelute.php?rep=1&prot=P49721
510,42,proteinCFMSelute.php?rep=1&prot=P20618
511,42,proteinCFMSelute.php?rep=1&prot=O14818
512,42,proteinCFMSelute.php?rep=1&prot=P28072
513,42,proteinCFMSelute.php?rep=1&prot=Q99436
514,42,proteinCFMSelute.php?rep=1&prot=P25789
515,42,proteinCFMSelute.php?rep=1&prot=P25788
516,42,proteinCFMSelute.php?rep=1&prot=P60900
517,42,proteinCFMSelute.php?rep=1&prot=P28066
518,42,proteinCFMSelute.php?rep=1&prot=P25787
519,43,proteinCFMSelute.php?rep=1&prot=Q8TAA3
520,43,proteinCFMSelute.php?rep=1&prot=P28070
521,43,proteinCFMSelute.php?rep=1&prot=P28074
522,43,proteinCFMSelute.php?rep=1&prot=P49721
523,43,proteinCFMSelute.php?rep=1&prot=P20618
524,43,proteinCFMSelute.php?rep=1&prot=O14818
525,43,proteinCFMSelute.php?rep=1&prot=P28072
526,43,proteinCFMSelute.php?rep=1&prot=Q99436
527,43,proteinCFMSelute.php?rep=1&prot=P25789
528,43,proteinCFMSelute.php?rep=1&prot=P25788
529,43,proteinCFMSelute.php?rep=1&prot=P60900
530,43,proteinCFMSelute.php?rep=1&prot=P28066
531,43,proteinCFMSelute.php?rep=1&prot=P25787
532,44,proteinCFMSelute.php?rep=1&prot=Q8TAA3
533,44,proteinCFMSelute.php?rep=1&prot=P28070
534,44,proteinCFMSelute.php?rep=1&prot=P28074
535,44,proteinCFMSelute.php?rep=1&prot=P49721
536,44,proteinCFMSelute.php?rep=1&prot=P20618
537,44,proteinCFMSelute.php?rep=1&prot=O14818
538,44,proteinCFMSelute.php?rep=1&prot=P28072
539,44,proteinCFMSelute.php?rep=1&prot=Q99436
540,44,proteinCFMSelute.php?rep=1&prot=P25789
541,44,proteinCFMSelute.php?rep=1&prot=P25788
542,44,proteinCFMSelute.php?rep=1&prot=P60900
543,44,proteinCFMSelute.php?rep=1&prot=P28066
544,44,proteinCFMSelute.php?rep=1&prot=P25787
545,45,proteinCFMSelute.php?rep=1&prot=Q8TAA3
546,45,proteinCFMSelute.php?rep=1&prot=P28070
547,45,proteinCFMSelute.php?rep=1&prot=P28074
548,45,proteinCFMSelute.php?rep=1&prot=P49721
549,45,proteinCFMSelute.php?rep=1&prot=P20618
550,45,proteinCFMSelute.php?rep=1&prot=O14818
551,45,proteinCFMSelute.php?rep=1&prot=P28072
552,45,proteinCFMSelute.php?rep=1&prot=Q99436
553,45,proteinCFMSelute.php?rep=1&prot=P25789
554,45,proteinCFMSelute.php?rep=1&prot=P25788
555,45,proteinCFMSelute.php?rep=1&prot=P60900
556,45,proteinCFMSelute.php?rep=1&prot=P28066
557,45,proteinCFMSelute.php?rep=1&prot=P25787
558,46,proteinCFMSelute.php?rep=1&prot=Q8TAA3
559,46,proteinCFMSelute.php?rep=1&prot=P28070
560,46,proteinCFMSelute.php?rep=1&prot=P28074
561,46,proteinCFMSelute.php?rep=1&prot=P49721
562,46,proteinCFMSelute.php?rep=1&prot=P20618
563,46,proteinCFMSelute.php?rep=1&prot=O14818
564,46,proteinCFMSelute.php?rep=1&prot=P28072
565,46,proteinCFMSelute.php?rep=1&prot=Q99436
566,46,proteinCFMSelute.php?rep=1&prot=P25789
567,46,proteinCFMSelute.php?rep=1&prot=P25788
568,46,proteinCFMSelute.php?rep=1&prot=P60900
569,46,proteinCFMSelute.php?rep=1&prot=P28066
570,46,proteinCFMSelute.php?rep=1&prot=P25787
571,47,proteinCFMSelute.php?rep=1&prot=Q8TAA3
572,47,proteinCFMSelute.php?rep=1&prot=P28070
573,47,proteinCFMSelute.php?rep=1&prot=P28074
574,47,proteinCFMSelute.php?rep=1&prot=P49721
575,47,proteinCFMSelute.php?rep=1&prot=P20618
576,47,proteinCFMSelute.php?rep=1&prot=O14818
577,47,proteinCFMSelute.php?rep=1&prot=P28072
578,47,proteinCFMSelute.php?rep=1&prot=Q99436
579,47,proteinCFMSelute.php?rep=1&prot=P25789
580,47,proteinCFMSelute.php?rep=1&prot=P25788
581,47,proteinCFMSelute.php?rep=1&prot=P60900
582,47,proteinCFMSelute.php?rep=1&prot=P28066
583,47,proteinCFMSelute.php?rep=1&prot=P25787
584,48,proteinCFMSelute.php?rep=1&prot=Q8TAA3
585,48,proteinCFMSelute.php?rep=1&prot=P28070
586,48,proteinCFMSelute.php?rep=1&prot=P28074
587,48,proteinCFMSelute.php?rep=1&prot=P49721
588,48,proteinCFMSelute.php?rep=1&prot=P20618
589,48,proteinCFMSelute.php?rep=1&prot=O14818
590,48,proteinCFMSelute.php?rep=1&prot=P28072
591,48,proteinCFMSelute.php?rep=1&prot=Q99436
592,48,proteinCFMSelute.php?rep=1&prot=P25789
593,48,proteinCFMSelute.php?rep=1&prot=P25788
594,48,proteinCFMSelute.php?rep=1&prot=P60900
595,48,proteinCFMSelute.php?rep=1&prot=P28066
596,48,proteinCFMSelute.php?rep=1&prot=P25787
597,49,proteinCFMSelute.php?rep=1&prot=Q8TAA3
598,49,proteinCFMSelute.php?rep=1&prot=P28070
599,49,proteinCFMSelute.php?rep=1&prot=P28074
600,49,proteinCFMSelute.php?rep=1&prot=P49721
601,49,proteinCFMSelute.php?rep=1&prot=P20618
602,49,proteinCFMSelute.php?rep=1&prot=O14818
603,49,proteinCFMSelute.php?rep=1&prot=P28072
604,49,proteinCFMSelute.php?rep=1&prot=Q99436
605,49,proteinCFMSelute.php?rep=1&prot=P25789
606,49,proteinCFMSelute.php?rep=1&prot=P25788
607,49,proteinCFMSelute.php?rep=1&prot=P60900
608,49,proteinCFMSelute.php?rep=1&prot=P28066
609,49,proteinCFMSelute.php?rep=1&prot=P25787
610,50,proteinCFMSelute.php?rep=1&prot=Q8TAA3
611,50,proteinCFMSelute.php?rep=1&prot=P28070
612,50,proteinCFMSelute.php?rep=1&prot=P28074
613,50,proteinCFMSelute.php?rep=1&prot=P49721
614,50,proteinCFMSelute.php?rep=1&prot=P20618
615,50,proteinCFMSelute.php?rep=1&prot=O14818
616,50,proteinCFMSelute.php?rep=1&prot=P28072
617,50,proteinCFMSelute.php?rep=1&prot=Q99436
618,50,proteinCFMSelute.php?rep=1&prot=P25789
619,50,proteinCFMSelute.php?rep=1&prot=P25788
620,50,proteinCFMSelute.php?rep=1&prot=P60900
621,50,proteinCFMSelute.php?rep=1&prot=P28066
622,50,proteinCFMSelute.php?rep=1&prot=P25787
623,51,proteinCFMSelute.php?rep=1&prot=Q8TAA3
624,51,proteinCFMSelute.php?rep=1&prot=P28070
625,51,proteinCFMSelute.php?rep=1&prot=P28074
626,51,proteinCFMSelute.php?rep=1&prot=P49721
627,51,proteinCFMSelute.php?rep=1&prot=P20618
628,51,proteinCFMSelute.php?rep=1&prot=O14818
629,51,proteinCFMSelute.php?rep=1&prot=P28072
630,51,proteinCFMSelute.php?rep=1&prot=Q99436
631,51,proteinCFMSelute.php?rep=1&prot=P25789
632,51,proteinCFMSelute.php?rep=1&prot=P25788
633,51,proteinCFMSelute.php?rep=1&prot=P60900
634,51,proteinCFMSelute.php?rep=1&prot=P28066
635,51,proteinCFMSelute.php?rep=1&prot=P25787
636,52,proteinCFMSelute.php?rep=1&prot=Q8TAA3
637,52,proteinCFMSelute.php?rep=1&prot=P28070
638,52,proteinCFMSelute.php?rep=1&prot=P28074
639,52,proteinCFMSelute.php?rep=1&prot=P49721
640,52,proteinCFMSelute.php?rep=1&prot=P20618
641,52,proteinCFMSelute.php?rep=1&prot=O14818
642,52,proteinCFMSelute.php?rep=1&prot=P28072
643,52,proteinCFMSelute.php?rep=1&prot=Q99436
644,52,proteinCFMSelute.php?rep=1&prot=P25789
645,52,proteinCFMSelute.php?rep=1&prot=P25788
646,52,proteinCFMSelute.php?rep=1&prot=P60900
647,52,proteinCFMSelute.php?rep=1&prot=P28066
648,52,proteinCFMSelute.php?rep=1&prot=P25787
649,53,proteinCFMSelute.php?rep=1&prot=Q8TAA3
650,53,proteinCFMSelute.php?rep=1&prot=P28070
651,53,proteinCFMSelute.php?rep=1&prot=P28074
652,53,proteinCFMSelute.php?rep=1&prot=P49721
653,53,proteinCFMSelute.php?rep=1&prot=P20618
654,53,proteinCFMSelute.php?rep=1&prot=O14818
655,53,proteinCFMSelute.php?rep=1&prot=P28072
656,53,proteinCFMSelute.php?rep=1&prot=Q99436
657,53,proteinCFMSelute.php?rep=1&prot=P25789
658,53,proteinCFMSelute.php?rep=1&prot=P25788
659,53,proteinCFMSelute.php?rep=1&prot=P60900
660,53,proteinCFMSelute.php?rep=1&prot=P28066
661,53,proteinCFMSelute.php?rep=1&prot=P25787
662,54,proteinCFMSelute.php?rep=1&prot=Q8TAA3
663,54,proteinCFMSelute.php?rep=1&prot=P28070
664,54,proteinCFMSelute.php?rep=1&prot=P28074
665,54,proteinCFMSelute.php?rep=1&prot=P49721
666,54,proteinCFMSelute.php?rep=1&prot=P20618
667,54,proteinCFMSelute.php?rep=1&prot=O14818
668,54,proteinCFMSelute.php?rep=1&prot=P28072
669,54,proteinCFMSelute.php?rep=1&prot=Q99436
670,54,proteinCFMSelute.php?rep=1&prot=P25789
671,54,proteinCFMSelute.php?rep=1&prot=P25788
672,54,proteinCFMSelute.php?rep=1&prot=P60900
673,54,proteinCFMSelute.php?rep=1&prot=P28066
674,54,proteinCFMSelute.php?rep=1&prot=P25787
675,55,proteinCFMSelute.php?rep=1&prot=Q8TAA3
676,55,proteinCFMSelute.php?rep=1&prot=P28070
677,55,proteinCFMSelute.php?rep=1&prot=P28074
678,55,proteinCFMSelute.php?rep=1&prot=P49721
679,55,proteinCFMSelute.php?rep=1&prot=P20618
680,55,proteinCFMSelute.php?rep=1&prot=O14818
681,55,proteinCFMSelute.php?rep=1&prot=P28072
682,55,proteinCFMSelute.php?rep=1&prot=Q99436
683,55,proteinCFMSelute.php?rep=1&prot=P25789
684,55,proteinCFMSelute.php?rep=1&prot=P25788
685,55,proteinCFMSelute.php?rep=1&prot=P60900
686,55,proteinCFMSelute.php?rep=1&prot=P28066
687,55,proteinCFMSelute.php?rep=1&prot=P25787
688,56,proteinCFMSelute.php?rep=1&prot=Q8TAA3
689,56,proteinCFMSelute.php?rep=1&prot=P28070
690,56,proteinCFMSelute.php?rep=1&prot=P28074
691,56,proteinCFMSelute.php?rep=1&prot=P49721
692,56,proteinCFMSelute.php?rep=1&prot=P20618
693,56,proteinCFMSelute.php?rep=1&prot=O14818
694,56,proteinCFMSelute.php?rep=1&prot=P28072
695,56,proteinCFMSelute.php?rep=1&prot=Q99436
696,56,proteinCFMSelute.php?rep=1&prot=P25789
697,56,proteinCFMSelute.php?rep=1&prot=P25788
698,56,proteinCFMSelute.php?rep=1&prot=P60900
699,56,proteinCFMSelute.php?rep=1&prot=P28066
700,56,proteinCFMSelute.php?rep=1&prot=P25787
701,57,proteinCFMSelute.php?rep=1&prot=Q8TAA3
702,57,proteinCFMSelute.php?rep=1&prot=P28070
703,57,proteinCFMSelute.php?rep=1&prot=P28074
704,57,proteinCFMSelute.php?rep=1&prot=P49721
705,57,proteinCFMSelute.php?rep=1&prot=P20618
706,57,proteinCFMSelute.php?rep=1&prot=O14818
707,57,proteinCFMSelute.php?rep=1&prot=P28072
708,57,proteinCFMSelute.php?rep=1&prot=Q99436
709,57,proteinCFMSelute.php?rep=1&prot=P25789
710,57,proteinCFMSelute.php?rep=1&prot=P25788
711,57,proteinCFMSelute.php?rep=1&prot=P60900
712,57,proteinCFMSelute.php?rep=1&prot=P28066
713,57,proteinCFMSelute.php?rep=1&prot=P25787
714,58,proteinCFMSelute.php?rep=1&prot=Q8TAA3
715,58,proteinCFMSelute.php?rep=1&prot=P28070
716,58,proteinCFMSelute.php?rep=1&prot=P28074
717,58,proteinCFMSelute.php?rep=1&prot=P49721
718,58,proteinCFMSelute.php?rep=1&prot=P20618
719,58,proteinCFMSelute.php?rep=1&prot=O14818
720,58,proteinCFMSelute.php?rep=1&prot=P28072
721,58,proteinCFMSelute.php?rep=1&prot=Q99436
722,58,proteinCFMSelute.php?rep=1&prot=P25789
723,58,proteinCFMSelute.php?rep=1&prot=P25788
724,58,proteinCFMSelute.php?rep=1&prot=P60900
725,58,proteinCFMSelute.php?rep=1&prot=P28066
726,58,proteinCFMSelute.php?rep=1&prot=P25787
727,59,proteinCFMSelute.php?rep=1&prot=Q8TAA3
728,59,proteinCFMSelute.php?rep=1&prot=P28070
729,59,proteinCFMSelute.php?rep=1&prot=P28074
730,59,proteinCFMSelute.php?rep=1&prot=P49721
731,59,proteinCFMSelute.php?rep=1&prot=P20618
732,59,proteinCFMSelute.php?rep=1&prot=O14818
733,59,proteinCFMSelute.php?rep=1&prot=P28072
734,59,proteinCFMSelute.php?rep=1&prot=Q99436
735,59,proteinCFMSelute.php?rep=1&prot=P25789
736,59,proteinCFMSelute.php?rep=1&prot=P25788
737,59,proteinCFMSelute.php?rep=1&prot=P60900
738,59,proteinCFMSelute.php?rep=1&prot=P28066
739,59,proteinCFMSelute.php?rep=1&prot=P25787
740,60,proteinCFMSelute.php?rep=1&prot=Q8TAA3
741,60,proteinCFMSelute.php?rep=1&prot=P28070
742,60,proteinCFMSelute.php?rep=1&prot=P28074
743,60,proteinCFMSelute.php?rep=1&prot=P49721
744,60,proteinCFMSelute.php?rep=1&prot=P20618
745,60,proteinCFMSelute.php?rep=1&prot=O14818
746,60,proteinCFMSelute.php?rep=1&prot=P28072
747,60,proteinCFMSelute.php?rep=1&prot=Q99436
748,60,proteinCFMSelute.php?rep=1&prot=P25789
749,60,proteinCFMSelute.php?rep=1&prot=P25788
750,60,proteinCFMSelute.php?rep=1&prot=P60900
751,60,proteinCFMSelute.php?rep=1&prot=P28066
752,60,proteinCFMSelute.php?rep=1&prot=P25787
753,61,proteinCFMSelute.php?rep=1&prot=Q8TAA3
754,61,proteinCFMSelute.php?rep=1&prot=P28070
755,61,proteinCFMSelute.php?rep=1&prot=P28074
756,61,proteinCFMSelute.php?rep=1&prot=P49721
757,61,proteinCFMSelute.php?rep=1&prot=P20618
758,61,proteinCFMSelute.php?rep=1&prot=O14818
759,61,proteinCFMSelute.php?rep=1&prot=P28072
760,61,proteinCFMSelute.php?rep=1&prot=Q99436
761,61,proteinCFMSelute.php?rep=1&prot=P25789
762,61,proteinCFMSelute.php?rep=1&prot=P25788
763,61,proteinCFMSelute.php?rep=1&prot=P60900
764,61,proteinCFMSelute.php?rep=1&prot=P28066
765,61,proteinCFMSelute.php?rep=1&prot=P25787
766,62,proteinCFMSelute.php?rep=1&prot=Q8TAA3
767,62,proteinCFMSelute.php?rep=1&prot=P28070
768,62,proteinCFMSelute.php?rep=1&prot=P28074
769,62,proteinCFMSelute.php?rep=1&prot=P49721
770,62,proteinCFMSelute.php?rep=1&prot=P20618
771,62,proteinCFMSelute.php?rep=1&prot=O14818
772,62,proteinCFMSelute.php?rep=1&prot=P28072
773,62,proteinCFMSelute.php?rep=1&prot=Q99436
774,62,proteinCFMSelute.php?rep=1&prot=P25789
775,62,proteinCFMSelute.php?rep=1&prot=P25788
776,62,proteinCFMSelute.php?rep=1&prot=P60900
777,62,proteinCFMSelute.php?rep=1&prot=P28066
778,62,proteinCFMSelute.php?rep=1&prot=P25787
779,63,proteinCFMSelute.php?rep=1&prot=Q8TAA3
780,63,proteinCFMSelute.php?rep=1&prot=P28070
781,63,proteinCFMSelute.php?rep=1&prot=P28074
782,63,proteinCFMSelute.php?rep=1&prot=P49721
783,63,proteinCFMSelute.php?rep=1&prot=P20618
784,63,proteinCFMSelute.php?rep=1&prot=O14818
785,63,proteinCFMSelute.php?rep=1&prot=P28072
786,63,proteinCFMSelute.php?rep=1&prot=Q99436
787,63,proteinCFMSelute.php?rep=1&prot=P25789
788,63,proteinCFMSelute.php?rep=1&prot=P25788
789,63,proteinCFMSelute.php?rep=1&prot=P60900
790,63,proteinCFMSelute.php?rep=1&prot=P28066
791,63,proteinCFMSelute.php?rep=1&prot=P25787
792,64,proteinCFMSelute.php?rep=1&prot=Q8TAA3
793,64,proteinCFMSelute.php?rep=1&prot=P28070
794,64,proteinCFMSelute.php?rep=1&prot=P28074
795,64,proteinCFMSelute.php?rep=1&prot=P49721
796,64,proteinCFMSelute.php?rep=1&prot=P20618
797,64,proteinCFMSelute.php?rep=1&prot=O14818
798,64,proteinCFMSelute.php?rep=1&prot=P28072
799,64,proteinCFMSelute.php?rep=1&prot=Q99436
800,64,proteinCFMSelute.php?rep=1&prot=P25789
801,64,proteinCFMSelute.php?rep=1&prot=P25788
802,64,proteinCFMSelute.php?rep=1&prot=P60900
803,64,proteinCFMSelute.php?rep=1&prot=P28066
804,64,proteinCFMSelute.php?rep=1&prot=P25787
805,65,proteinCFMSelute.php?rep=1&prot=Q8TAA3
806,65,proteinCFMSelute.php?rep=1&prot=P28070
807,65,proteinCFMSelute.php?rep=1&prot=P28074
808,65,proteinCFMSelute.php?rep=1&prot=P49721
809,65,proteinCFMSelute.php?rep=1&prot=P20618
810,65,proteinCFMSelute.php?rep=1&prot=O14818
811,65,proteinCFMSelute.php?rep=1&prot=P28072
812,65,proteinCFMSelute.php?rep=1&prot=Q99436
813,65,proteinCFMSelute.php?rep=1&prot=P25789
814,65,proteinCFMSelute.php?rep=1&prot=P25788
815,65,proteinCFMSelute.php?rep=1&prot=P60900
816,65,proteinCFMSelute.php?rep=1&prot=P28066
817,65,proteinCFMSelute.php?rep=1&prot=P25787
818,66,proteinCFMSelute.php?rep=1&prot=Q8TAA3
819,66,proteinCFMSelute.php?rep=1&prot=P28070
820,66,proteinCFMSelute.php?rep=1&prot=P28074
821,66,proteinCFMSelute.php?rep=1&prot=P49721
822,66,proteinCFMSelute.php?rep=1&prot=P20618
823,66,proteinCFMSelute.php?rep=1&prot=O14818
824,66,proteinCFMSelute.php?rep=1&prot=P28072
825,66,proteinCFMSelute.php?rep=1&prot=Q99436
826,66,proteinCFMSelute.php?rep=1&prot=P25789
827,66,proteinCFMSelute.php?rep=1&prot=P25788
828,66,proteinCFMSelute.php?rep=1&prot=P60900
829,66,proteinCFMSelute.php?rep=1&prot=P28066
830,66,proteinCFMSelute.php?rep=1&prot=P25787
831,67,proteinCFMSelute.php?rep=1&prot=Q8TAA3
832,67,proteinCFMSelute.php?rep=1&prot=P28070
833,67,proteinCFMSelute.php?rep=1&prot=P28074
834,67,proteinCFMSelute.php?rep=1&prot=P49721
835,67,proteinCFMSelute.php?rep=1&prot=P20618
836,67,proteinCFMSelute.php?rep=1&prot=O14818
837,67,proteinCFMSelute.php?rep=1&prot=P28072
838,67,proteinCFMSelute.php?rep=1&prot=Q99436
839,67,proteinCFMSelute.php?rep=1&prot=P25789
840,67,proteinCFMSelute.php?rep=1&prot=P25788
841,67,proteinCFMSelute.php?rep=1&prot=P60900
842,67,proteinCFMSelute.php?rep=1&prot=P28066
843,67,proteinCFMSelute.php?rep=1&prot=P25787
844,68,proteinCFMSelute.php?rep=1&prot=Q8TAA3
845,68,proteinCFMSelute.php?rep=1&prot=P28070
846,68,proteinCFMSelute.php?rep=1&prot=P28074
847,68,proteinCFMSelute.php?rep=1&prot=P49721
848,68,proteinCFMSelute.php?rep=1&prot=P20618
849,68,proteinCFMSelute.php?rep=1&prot=O14818
850,68,proteinCFMSelute.php?rep=1&prot=P28072
851,68,proteinCFMSelute.php?rep=1&prot=Q99436
852,68,proteinCFMSelute.php?rep=1&prot=P25789
853,68,proteinCFMSelute.php?rep=1&prot=P25788
854,68,proteinCFMSelute.php?rep=1&prot=P60900
855,68,proteinCFMSelute.php?rep=1&prot=P28066
856,68,proteinCFMSelute.php?rep=1&prot=P25787
857,69,proteinCFMSelute.php?rep=1&prot=Q8TAA3
858,69,proteinCFMSelute.php?rep=1&prot=P28070
859,69,proteinCFMSelute.php?rep=1&prot=P28074
860,69,proteinCFMSelute.php?rep=1&prot=P49721
861,69,proteinCFMSelute.php?rep=1&prot=P20618
862,69,proteinCFMSelute.php?rep=1&prot=O14818
863,69,proteinCFMSelute.php?rep=1&prot=P28072
864,69,proteinCFMSelute.php?rep=1&prot=Q99436
865,69,proteinCFMSelute.php?rep=1&prot=P25789
866,69,proteinCFMSelute.php?rep=1&prot=P25788
867,69,proteinCFMSelute.php?rep=1&prot=P60900
868,69,proteinCFMSelute.php?rep=1&prot=P28066
869,69,proteinCFMSelute.php?rep=1&prot=P25787
870,70,proteinCFMSelute.php?rep=1&prot=Q8TAA3
871,70,proteinCFMSelute.php?rep=1&prot=P28070
872,70,proteinCFMSelute.php?rep=1&prot=P28074
873,70,proteinCFMSelute.php?rep=1&prot=P49721
874,70,proteinCFMSelute.php?rep=1&prot=P20618
875,70,proteinCFMSelute.php?rep=1&prot=O14818
876,70,proteinCFMSelute.php?rep=1&prot=P28072
877,70,proteinCFMSelute.php?rep=1&prot=Q99436
878,70,proteinCFMSelute.php?rep=1&prot=P25789
879,70,proteinCFMSelute.php?rep=1&prot=P25788
880,70,proteinCFMSelute.php?rep=1&prot=P60900
881,70,proteinCFMSelute.php?rep=1&prot=P28066
882,70,proteinCFMSelute.php?rep=1&prot=P25787
883,71,proteinCFMSelute.php?rep=1&prot=Q8TAA3
884,71,proteinCFMSelute.php?rep=1&prot=P28070
885,71,proteinCFMSelute.php?rep=1&prot=P28074
886,71,proteinCFMSelute.php?rep=1&prot=P49721
887,71,proteinCFMSelute.php?rep=1&prot=P20618
888,71,proteinCFMSelute.php?rep=1&prot=O14818
889,71,proteinCFMSelute.php?rep=1&prot=P28072
890,71,proteinCFMSelute.php?rep=1&prot=Q99436
891,71,proteinCFMSelute.php?rep=1&prot=P25789
892,71,proteinCFMSelute.php?rep=1&prot=P25788
893,71,proteinCFMSelute.php?rep=1&prot=P60900
894,71,proteinCFMSelute.php?rep=1&prot=P28066
895,71,proteinCFMSelute.php?rep=1&prot=P25787
896,72,proteinCFMSelute.php?rep=1&prot=Q8TAA3
897,72,proteinCFMSelute.php?rep=1&prot=P28070
898,72,proteinCFMSelute.php?rep=1&prot=P28074
899,72,proteinCFMSelute.php?rep=1&prot=P49721
900,72,proteinCFMSelute.php?rep=1&prot=P20618
901,72,proteinCFMSelute.php?rep=1&prot=O14818
902,72,proteinCFMSelute.php?rep=1&prot=P28072
903,72,proteinCFMSelute.php?rep=1&prot=Q99436
904,72,proteinCFMSelute.php?rep=1&prot=P25789
905,72,proteinCFMSelute.php?rep=1&prot=P25788
906,72,proteinCFMSelute.php?rep=1&prot=P60900
907,72,proteinCFMSelute.php?rep=1&prot=P28066
908,72,proteinCFMSelute.php?rep=1&prot=P25787
909,73,proteinCFMSelute.php?rep=1&prot=Q8TAA3
910,73,proteinCFMSelute.php?rep=1&prot=P28070
911,73,proteinCFMSelute.php?rep=1&prot=P28074
912,73,proteinCFMSelute.php?rep=1&prot=P49721
913,73,proteinCFMSelute.php?rep=1&prot=P20618
914,73,proteinCFMSelute.php?rep=1&prot=O14818
915,73,proteinCFMSelute.php?rep=1&prot=P28072
916,73,proteinCFMSelute.php?rep=1&prot=Q99436
917,73,proteinCFMSelute.php?rep=1&prot=P25789
918,73,proteinCFMSelute.php?rep=1&prot=P25788
919,73,proteinCFMSelute.php?rep=1&prot=P60900
920,73,proteinCFMSelute.php?rep=1&prot=P28066
921,73,proteinCFMSelute.php?rep=1&prot=P25787
922,74,proteinCFMSelute.php?rep=1&prot=Q8TAA3
923,74,proteinCFMSelute.php?rep=1&prot=P28070
924,74,proteinCFMSelute.php?rep=1&prot=P28074
925,74,proteinCFMSelute.php?rep=1&prot=P49721
926,74,proteinCFMSelute.php?rep=1&prot=P20618
927,74,proteinCFMSelute.php?rep=1&prot=O14818
928,74,proteinCFMSelute.php?rep=1&prot=P28072
929,74,proteinCFMSelute.php?rep=1&prot=Q99436
930,74,proteinCFMSelute.php?rep=1&prot=P25789
931,74,proteinCFMSelute.php?rep=1&prot=P25788
932,74,proteinCFMSelute.php?rep=1&prot=P60900
933,74,proteinCFMSelute.php?rep=1&prot=P28066
934,74,proteinCFMSelute.php?rep=1&prot=P25787
935,75,proteinCFMSelute.php?rep=1&prot=Q8TAA3
936,75,proteinCFMSelute.php?rep=1&prot=P28070
937,75,proteinCFMSelute.php?rep=1&prot=P28074
938,75,proteinCFMSelute.php?rep=1&prot=P49721
939,75,proteinCFMSelute.php?rep=1&prot=P20618
940,75,proteinCFMSelute.php?rep=1&prot=O14818
941,75,proteinCFMSelute.php?rep=1&prot=P28072
942,75,proteinCFMSelute.php?rep=1&prot=Q99436
943,75,proteinCFMSelute.php?rep=1&prot=P25789
944,75,proteinCFMSelute.php?rep=1&prot=P25788
945,75,proteinCFMSelute.php?rep=1&prot=P60900
946,75,proteinCFMSelute.php?rep=1&prot=P28066
947,75,proteinCFMSelute.php?rep=1&prot=P25787
948,76,proteinCFMSelute.php?rep=1&prot=Q8TAA3
949,76,proteinCFMSelute.php?rep=1&prot=P28070
950,76,proteinCFMSelute.php?rep=1&prot=P28074
951,76,proteinCFMSelute.php?rep=1&prot=P49721
952,76,proteinCFMSelute.php?rep=1&prot=P20618
953,76,proteinCFMSelute.php?rep=1&prot=O14818
954,76,proteinCFMSelute.php?rep=1&prot=P28072
955,76,proteinCFMSelute.php?rep=1&prot=Q99436
956,76,proteinCFMSelute.php?rep=1&prot=P25789
957,76,proteinCFMSelute.php?rep=1&prot=P25788
958,76,proteinCFMSelute.php?rep=1&prot=P60900
959,76,proteinCFMSelute.php?rep=1&prot=P28066
960,76,proteinCFMSelute.php?rep=1&prot=P25787
961,77,proteinCFMSelute.php?rep=1&prot=Q8TAA3
962,77,proteinCFMSelute.php?rep=1&prot=P28070
963,77,proteinCFMSelute.php?rep=1&prot=P28074
964,77,proteinCFMSelute.php?rep=1&prot=P49721
965,77,proteinCFMSelute.php?rep=1&prot=P20618
966,77,proteinCFMSelute.php?rep=1&prot=O14818
967,77,proteinCFMSelute.php?rep=1&prot=P28072
968,77,proteinCFMSelute.php?rep=1&prot=Q99436
969,77,proteinCFMSelute.php?rep=1&prot=P25789
970,77,proteinCFMSelute.php?rep=1&prot=P25788
971,77,proteinCFMSelute.php?rep=1&prot=P60900
972,77,proteinCFMSelute.php?rep=1&prot=P28066
973,77,proteinCFMSelute.php?rep=1&prot=P25787
974,78,proteinCFMSelute.php?rep=1&prot=Q8TAA3
975,78,proteinCFMSelute.php?rep=1&prot=P28070
976,78,proteinCFMSelute.php?rep=1&prot=P28074
977,78,proteinCFMSelute.php?rep=1&prot=P49721
978,78,proteinCFMSelute.php?rep=1&prot=P20618
979,78,proteinCFMSelute.php?rep=1&prot=O14818
980,78,proteinCFMSelute.php?rep=1&prot=P28072
981,78,proteinCFMSelute.php?rep=1&prot=Q99436
982,78,proteinCFMSelute.php?rep=1&prot=P25789
983,78,proteinCFMSelute.php?rep=1&prot=P25788
984,78,proteinCFMSelute.php?rep=1&prot=P60900
985,78,proteinCFMSelute.php?rep=1&prot=P28066
986,78,proteinCFMSelute.php?rep=1&prot=P25787
987,79,proteinCFMSelute.php?rep=1&prot=Q8TAA3
988,79,proteinCFMSelute.php?rep=1&prot=P28070
989,79,proteinCFMSelute.php?rep=1&prot=P28074
990,79,proteinCFMSelute.php?rep=1&prot=P49721
991,79,proteinCFMSelute.php?rep=1&prot=P20618
992,79,proteinCFMSelute.php?rep=1&prot=O14818
993,79,proteinCFMSelute.php?rep=1&prot=P28072
994,79,proteinCFMSelute.php?rep=1&prot=Q99436
995,79,proteinCFMSelute.php?rep=1&prot=P25789
996,79,proteinCFMSelute.php?rep=1&prot=P25788
997,79,proteinCFMSelute.php?rep=1&prot=P60900
998,79,proteinCFMSelute.php?rep=1&prot=P28066
999,79,proteinCFMSelute.php?rep=1&prot=P25787
1000,80,proteinCFMSelute.php?rep=1&prot=Q8TAA3
1001,80,proteinCFMSelute.php?rep=1&prot=P28070
1002,80,proteinCFMSelute.php?rep=1&prot=P28074
1003,80,proteinCFMSelute.php?rep=1&prot=P49721
1004,80,proteinCFMSelute.php?rep=1&prot=P20618
1005,80,proteinCFMSelute.php?rep=1&prot=O14818
1006,80,proteinCFMSelute.php?rep=1&prot=P28072
1007,80,proteinCFMSelute.php?rep=1&prot=Q99436
1008,80,proteinCFMSelute.php?rep=1&prot=P25789
1009,80,proteinCFMSelute.php?rep=1&prot=P25788
1010,80,proteinCFMSelute.php?rep=1&prot=P60900
1011,80,proteinCFMSelute.php?rep=1&prot=P28066
1012,80,proteinCFMSelute.php?rep=1&prot=P25787
1013,81,proteinCFMSelute.php?rep=1&prot=Q8TAA3
1014,81,proteinCFMSelute.php?rep=1&prot=P28070
1015,81,proteinCFMSelute.php?rep=1&prot=P28074
1016,81,proteinCFMSelute.php?rep=1&prot=P49721
1017,81,proteinCFMSelute.php?rep=1&prot=P20618
1018,81,proteinCFMSelute.php?rep=1&prot=O14818
1019,81,proteinCFMSelute.php?rep=1&prot=P28072
1020,81,proteinCFMSelute.php?rep=1&prot=Q99436
1021,81,proteinCFMSelute.php?rep=1&prot=P25789
1022,81,proteinCFMSelute.php?rep=1&prot=P25788
1023,81,proteinCFMSelute.php?rep=1&prot=P60900
1024,81,proteinCFMSelute.php?rep=1&prot=P28066
1025,81,proteinCFMSelute.php?rep=1&prot=P25787
1026,82,proteinCFMSelute.php?rep=1&prot=Q8TAA3
1027,82,proteinCFMSelute.php?rep=1&prot=P28070
1028,82,proteinCFMSelute.php?rep=1&prot=P28074
1029,82,proteinCFMSelute.php?rep=1&prot=P49721
1030,82,proteinCFMSelute.php?rep=1&prot=P20618
1031,82,proteinCFMSelute.php?rep=1&prot=O14818
1032,82,proteinCFMSelute.php?rep=1&prot=P28072
1033,82,proteinCFMSelute.php?rep=1&prot=Q99436
1034,82,proteinCFMSelute.php?rep=1&prot=P25789
1035,82,proteinCFMSelute.php?rep=1&prot=P25788
1036,82,proteinCFMSelute.php?rep=1&prot=P60900
1037,82,proteinCFMSelute.php?rep=1&prot=P28066
1038,82,proteinCFMSelute.php?rep=1&prot=P25787
1039,83,proteinCFMSelute.php?rep=1&prot=Q8TAA3
1040,83,proteinCFMSelute.php?rep=1&prot=P28070
1041,83,proteinCFMSelute.php?rep=1&prot=P28074
1042,83,proteinCFMSelute.php?rep=1&prot=P49721
1043,83,proteinCFMSelute.php?rep=1&prot=P20618
1044,83,proteinCFMSelute.php?rep=1&prot=O14818
1045,83,proteinCFMSelute.php?rep=1&prot=P28072
1046,83,proteinCFMSelute.php?rep=1&prot=Q99436
1047,83,proteinCFMSelute.php?rep=1&prot=P25789
1048,83,proteinCFMSelute.php?rep=1&prot=P25788
1049,83,proteinCFMSelute.php?rep=1&prot=P60900
1050,83,proteinCFMSelute.php?rep=1&prot=P28066
1051,83,proteinCFMSelute.php?rep=1&prot=P25787
1052,84,proteinCFMSelute.php?rep=1&prot=Q8TAA3
1053,84,proteinCFMSelute.php?rep=1&prot=P28070
1054,84,proteinCFMSelute.php?rep=1&prot=P28074
1055,84,proteinCFMSelute.php?rep=1&prot=P49721
1056,84,proteinCFMSelute.php?rep=1&prot=P20618
1057,84,proteinCFMSelute.php?rep=1&prot=O14818
1058,84,proteinCFMSelute.php?rep=1&prot=P28072
1059,84,proteinCFMSelute.php?rep=1&prot=Q99436
1060,84,proteinCFMSelute.php?rep=1&prot=P25789
1061,84,proteinCFMSelute.php?rep=1&prot=P25788
1062,84,proteinCFMSelute.php?rep=1&prot=P60900
1063,84,proteinCFMSelute.php?rep=1&prot=P28066
1064,84,proteinCFMSelute.php?rep=1&prot=P25787
1065,85,proteinCFMSelute.php?rep=1&prot=Q8TAA3
1066,85,proteinCFMSelute.php?rep=1&prot=P28070
1067,85,proteinCFMSelute.php?rep=1&prot=P28074
1068,85,proteinCFMSelute.php?rep=1&prot=P49721
1069,85,proteinCFMSelute.php?rep=1&prot=P20618
1070,85,proteinCFMSelute.php?rep=1&prot=O14818
1071,85,proteinCFMSelute.php?rep=1&prot=P28072
1072,85,proteinCFMSelute.php?rep=1&prot=Q99436
1073,85,proteinCFMSelute.php?rep=1&prot=P25789
1074,85,proteinCFMSelute.php?rep=1&prot=P25788
1075,85,proteinCFMSelute.php?rep=1&prot=P60900
1076,85,proteinCFMSelute.php?rep=1&prot=P28066
1077,85,proteinCFMSelute.php?rep=1&prot=P25787
1078,86,proteinCFMSelute.php?rep=1&prot=Q8TAA3
1079,86,proteinCFMSelute.php?rep=1&prot=P28070
1080,86,proteinCFMSelute.php?rep=1&prot=P28074
1081,86,proteinCFMSelute.php?rep=1&prot=P49721
1082,86,proteinCFMSelute.php?rep=1&prot=P20618
1083,86,proteinCFMSelute.php?rep=1&prot=O14818
1084,86,proteinCFMSelute.php?rep=1&prot=P28072
1085,86,proteinCFMSelute.php?rep=1&prot=Q99436
1086,86,proteinCFMSelute.php?rep=1&prot=P25789
1087,86,proteinCFMSelute.php?rep=1&prot=P25788
1088,86,proteinCFMSelute.php?rep=1&prot=P60900
1089,86,proteinCFMSelute.php?rep=1&prot=P28066
1090,86,proteinCFMSelute.php?rep=1&prot=P25787
1091,87,proteinCFMSelute.php?rep=1&prot=Q8TAA3
1092,87,proteinCFMSelute.php?rep=1&prot=P28070
1093,87,proteinCFMSelute.php?rep=1&prot=P28074
1094,87,proteinCFMSelute.php?rep=1&prot=P49721
1095,87,proteinCFMSelute.php?rep=1&prot=P20618
1096,87,proteinCFMSelute.php?rep=1&prot=O14818
1097,87,proteinCFMSelute.php?rep=1&prot=P28072
1098,87,proteinCFMSelute.php?rep=1&prot=Q99436
1099,87,proteinCFMSelute.php?rep=1&prot=P25789
1100,87,proteinCFMSelute.php?rep=1&prot=P25788
1101,87,proteinCFMSelute.php?rep=1&prot=P60900
1102,87,proteinCFMSelute.php?rep=1&prot=P28066
1103,87,proteinCFMSelute.php?rep=1&prot=P25787
1104,88,proteinCFMSelute.php?rep=1&prot=Q8TAA3
1105,88,proteinCFMSelute.php?rep=1&prot=P28070
1106,88,proteinCFMSelute.php?rep=1&prot=P28074
1107,88,proteinCFMSelute.php?rep=1&prot=P49721
1108,88,proteinCFMSelute.php?rep=1&prot=P20618
1109,88,proteinCFMSelute.php?rep=1&prot=O14818
1110,88,proteinCFMSelute.php?rep=1&prot=P28072
1111,88,proteinCFMSelute.php?rep=1&prot=Q99436
1112,88,proteinCFMSelute.php?rep=1&prot=P25789
1113,88,proteinCFMSelute.php?rep=1&prot=P25788
1114,88,proteinCFMSelute.php?rep=1&prot=P60900
1115,88,proteinCFMSelute.php?rep=1&prot=P28066
1116,88,proteinCFMSelute.php?rep=1&prot=P25787
1117,89,proteinCFMSelute.php?rep=1&prot=Q8TAA3
1118,89,proteinCFMSelute.php?rep=1&prot=P28070
1119,89,proteinCFMSelute.php?rep=1&prot=P28074
1120,89,proteinCFMSelute.php?rep=1&prot=P49721
1121,89,proteinCFMSelute.php?rep=1&prot=P20618
1122,89,proteinCFMSelute.php?rep=1&prot=O14818
1123,89,proteinCFMSelute.php?rep=1&prot=P28072
1124,89,proteinCFMSelute.php?rep=1&prot=Q99436
1125,89,proteinCFMSelute.php?rep=1&prot=P25789
1126,89,proteinCFMSelute.php?rep=1&prot=P25788
1127,89,proteinCFMSelute.php?rep=1&prot=P60900
1128,89,proteinCFMSelute.php?rep=1&prot=P28066
1129,89,proteinCFMSelute.php?rep=1&prot=P25787
1130,90,proteinCFMSelute.php?rep=1&prot=Q8TAA3
1131,90,proteinCFMSelute.php?rep=1&prot=P28070
1132,90,proteinCFMSelute.php?rep=1&prot=P28074
1133,90,proteinCFMSelute.php?rep=1&prot=P49721
1134,90,proteinCFMSelute.php?rep=1&prot=P20618
1135,90,proteinCFMSelute.php?rep=1&prot=O14818
1136,90,proteinCFMSelute.php?rep=1&prot=P28072
1137,90,proteinCFMSelute.php?rep=1&prot=Q99436
1138,90,proteinCFMSelute.php?rep=1&prot=P25789
1139,90,proteinCFMSelute.php?rep=1&prot=P25788
1140,90,proteinCFMSelute.php?rep=1&prot=P60900
1141,90,proteinCFMSelute.php?rep=1&prot=P28066
1142,90,proteinCFMSelute.php?rep=1&prot=P25787
1143,91,proteinCFMSelute.php?rep=1&prot=Q8TAA3
1144,91,proteinCFMSelute.php?rep=1&prot=P28070
1145,91,proteinCFMSelute.php?rep=1&prot=P28074
1146,91,proteinCFMSelute.php?rep=1&prot=P49721
1147,91,proteinCFMSelute.php?rep=1&prot=P20618
1148,91,proteinCFMSelute.php?rep=1&prot=O14818
1149,91,proteinCFMSelute.php?rep=1&prot=P28072
1150,91,proteinCFMSelute.php?rep=1&prot=Q99436
1151,91,proteinCFMSelute.php?rep=1&prot=P25789
1152,91,proteinCFMSelute.php?rep=1&prot=P25788
1153,91,proteinCFMSelute.php?rep=1&prot=P60900
1154,91,proteinCFMSelute.php?rep=1&prot=P28066
1155,91,proteinCFMSelute.php?rep=1&prot=P25787
1156,92,proteinCFMSelute.php?rep=1&prot=Q8TAA3
1157,92,proteinCFMSelute.php?rep=1&prot=P28070
1158,92,proteinCFMSelute.php?rep=1&prot=P28074
1159,92,proteinCFMSelute.php?rep=1&prot=P49721
1160,92,proteinCFMSelute.php?rep=1&prot=P20618
1161,92,proteinCFMSelute.php?rep=1&prot=O14818
1162,92,proteinCFMSelute.php?rep=1&prot=P28072
1163,92,proteinCFMSelute.php?rep=1&prot=Q99436
1164,92,proteinCFMSelute.php?rep=1&prot=P25789
1165,92,proteinCFMSelute.php?rep=1&prot=P25788
1166,92,proteinCFMSelute.php?rep=1&prot=P60900
1167,92,proteinCFMSelute.php?rep=1&prot=P28066
1168,92,proteinCFMSelute.php?rep=1&prot=P25787
1169,93,proteinCFMSelute.php?rep=1&prot=Q8TAA3
1170,93,proteinCFMSelute.php?rep=1&prot=P28070
1171,93,proteinCFMSelute.php?rep=1&prot=P28074
1172,93,proteinCFMSelute.php?rep=1&prot=P49721
1173,93,proteinCFMSelute.php?rep=1&prot=P20618
1174,93,proteinCFMSelute.php?rep=1&prot=O14818
1175,93,proteinCFMSelute.php?rep=1&prot=P28072
1176,93,proteinCFMSelute.php?rep=1&prot=Q99436
1177,93,proteinCFMSelute.php?rep=1&prot=P25789
1178,93,proteinCFMSelute.php?rep=1&prot=P25788
1179,93,proteinCFMSelute.php?rep=1&prot=P60900
1180,93,proteinCFMSelute.php?rep=1&prot=P28066
1181,93,proteinCFMSelute.php?rep=1&prot=P25787
1182,94,proteinCFMSelute.php?rep=1&prot=Q8TAA3
1183,94,proteinCFMSelute.php?rep=1&prot=P28070
1184,94,proteinCFMSelute.php?rep=1&prot=P28074
1185,94,proteinCFMSelute.php?rep=1&prot=P49721
1186,94,proteinCFMSelute.php?rep=1&prot=P20618
1187,94,proteinCFMSelute.php?rep=1&prot=O14818
1188,94,proteinCFMSelute.php?rep=1&prot=P28072
1189,94,proteinCFMSelute.php?rep=1&prot=Q99436
1190,94,proteinCFMSelute.php?rep=1&prot=P25789
1191,94,proteinCFMSelute.php?rep=1&prot=P25788
1192,94,proteinCFMSelute.php?rep=1&prot=P60900
1193,94,proteinCFMSelute.php?rep=1&prot=P28066
1194,94,proteinCFMSelute.php?rep=1&prot=P25787
1195,95,proteinCFMSelute.php?rep=1&prot=Q8TAA3
1196,95,proteinCFMSelute.php?rep=1&prot=P28070
1197,95,proteinCFMSelute.php?rep=1&prot=P28074
1198,95,proteinCFMSelute.php?rep=1&prot=P49721
1199,95,proteinCFMSelute.php?rep=1&prot=P20618
1200,95,proteinCFMSelute.php?rep=1&prot=O14818
1201,95,proteinCFMSelute.php?rep=1&prot=P28072
1202,95,proteinCFMSelute.php?rep=1&prot=Q99436
1203,95,proteinCFMSelute.php?rep=1&prot=P25789
1204,95,proteinCFMSelute.php?rep=1&prot=P25788
1205,95,proteinCFMSelute.php?rep=1&prot=P60900
1206,95,proteinCFMSelute.php?rep=1&prot=P28066
1207,95,proteinCFMSelute.php?rep=1&prot=P25787
1208,96,proteinCFMSelute.php?rep=1&prot=Q8TAA3
1209,96,proteinCFMSelute.php?rep=1&prot=P28070
1210,96,proteinCFMSelute.php?rep=1&prot=P28074
1211,96,proteinCFMSelute.php?rep=1&prot=P49721
1212,96,proteinCFMSelute.php?rep=1&prot=P20618
1213,96,proteinCFMSelute.php?rep=1&prot=O14818
1214,96,proteinCFMSelute.php?rep=1&prot=P28072
1215,96,proteinCFMSelute.php?rep=1&prot=Q99436
1216,96,proteinCFMSelute.php?rep=1&prot=P25789
1217,96,proteinCFMSelute.php?rep=1&prot=P25788
1218,96,proteinCFMSelute.php?rep=1&prot=P60900
1219,96,proteinCFMSelute.php?rep=1&prot=P28066
1220,96,proteinCFMSelute.php?rep=1&prot=P25787
1221,97,proteinCFMSelute.php?rep=1&prot=Q8TAA3
1222,97,proteinCFMSelute.php?rep=1&prot=P28070
1223,97,proteinCFMSelute.php?rep=1&prot=P28074
1224,97,proteinCFMSelute.php?rep=1&prot=P49721
1225,97,proteinCFMSelute.php?rep=1&prot=P20618
1226,97,proteinCFMSelute.php?rep=1&prot=O14818
1227,97,proteinCFMSelute.php?rep=1&prot=P28072
1228,97,proteinCFMSelute.php?rep=1&prot=Q99436
1229,97,proteinCFMSelute.php?rep=1&prot=P25789
1230,97,proteinCFMSelute.php?rep=1&prot=P25788
1231,97,proteinCFMSelute.php?rep=1&prot=P60900
1232,97,proteinCFMSelute.php?rep=1&prot=P28066
1233,97,proteinCFMSelute.php?rep=1&prot=P25787
1234,98,proteinCFMSelute.php?rep=1&prot=Q8TAA3
1235,98,proteinCFMSelute.php?rep=1&prot=P28070
1236,98,proteinCFMSelute.php?rep=1&prot=P28074
1237,98,proteinCFMSelute.php?rep=1&prot=P49721
1238,98,proteinCFMSelute.php?rep=1&prot=P20618
1239,98,proteinCFMSelute.php?rep=1&prot=O14818
1240,98,proteinCFMSelute.php?rep=1&prot=P28072
1241,98,proteinCFMSelute.php?rep=1&prot=Q99436
1242,98,proteinCFMSelute.php?rep=1&prot=P25789
1243,98,proteinCFMSelute.php?rep=1&prot=P25788
1244,98,proteinCFMSelute.php?rep=1&prot=P60900
1245,98,proteinCFMSelute.php?rep=1&prot=P28066
1246,98,proteinCFMSelute.php?rep=1&prot=P25787
1247,99,proteinCFMSelute.php?rep=1&prot=Q8TAA3
1248,99,proteinCFMSelute.php?rep=1&prot=P28070
1249,99,proteinCFMSelute.php?rep=1&prot=P28074
1250,99,proteinCFMSelute.php?rep=1&prot=P49721
1251,99,proteinCFMSelute.php?rep=1&prot=P20618
1252,99,proteinCFMSelute.php?rep=1&prot=O14818
1253,99,proteinCFMSelute.php?rep=1&prot=P28072
1254,99,proteinCFMSelute.php?rep=1&prot=Q99436
1255,99,proteinCFMSelute.php?rep=1&prot=P25789
1256,99,proteinCFMSelute.php?rep=1&prot=P25788
1257,99,proteinCFMSelute.php?rep=1&prot=P60900
1258,99,proteinCFMSelute.php?rep=1&prot=P28066
1259,99,proteinCFMSelute.php?rep=1&prot=P25787
1260,100,proteinCFMSelute.php?rep=1&prot=Q8TAA3
1261,100,proteinCFMSelute.php?rep=1&prot=P28070
1262,100,proteinCFMSelute.php?rep=1&prot=P28074
1263,100,proteinCFMSelute.php?rep=1&prot=P49721
1264,100,proteinCFMSelute.php?rep=1&prot=P20618
1265,100,proteinCFMSelute.php?rep=1&prot=O14818
1266,100,proteinCFMSelute.php?rep=1&prot=P28072
1267,100,proteinCFMSelute.php?rep=1&prot=Q99436
1268,100,proteinCFMSelute.php?rep=1&prot=P25789
1269,100,proteinCFMSelute.php?rep=1&prot=P25788
1270,100,proteinCFMSelute.php?rep=1&prot=P60900
1271,100,proteinCFMSelute.php?rep=1&prot=P28066
1272,100,proteinCFMSelute.php?rep=1&prot=P25787
1273,101,proteinCFMSelute.php?rep=1&prot=Q8TAA3
1274,101,proteinCFMSelute.php?rep=1&prot=P28070
1275,101,proteinCFMSelute.php?rep=1&prot=P28074
1276,101,proteinCFMSelute.php?rep=1&prot=P49721
1277,101,proteinCFMSelute.php?rep=1&prot=P20618
1278,101,proteinCFMSelute.php?rep=1&prot=O14818
1279,101,proteinCFMSelute.php?rep=1&prot=P28072
1280,101,proteinCFMSelute.php?rep=1&prot=Q99436
1281,101,proteinCFMSelute.php?rep=1&prot=P25789
1282,101,proteinCFMSelute.php?rep=1&prot=P25788
1283,101,proteinCFMSelute.php?rep=1&prot=P60900
1284,101,proteinCFMSelute.php?rep=1&prot=P28066
1285,101,proteinCFMSelute.php?rep=1&prot=P25787
1286,102,proteinCFMSelute.php?rep=1&prot=Q8TAA3
1287,102,proteinCFMSelute.php?rep=1&prot=P28070
1288,102,proteinCFMSelute.php?rep=1&prot=P28074
1289,102,proteinCFMSelute.php?rep=1&prot=P49721
1290,102,proteinCFMSelute.php?rep=1&prot=P20618
1291,102,proteinCFMSelute.php?rep=1&prot=O14818
1292,102,proteinCFMSelute.php?rep=1&prot=P28072
1293,102,proteinCFMSelute.php?rep=1&prot=Q99436
1294,102,proteinCFMSelute.php?rep=1&prot=P25789
1295,102,proteinCFMSelute.php?rep=1&prot=P25788
1296,102,proteinCFMSelute.php?rep=1&prot=P60900
1297,102,proteinCFMSelute.php?rep=1&prot=P28066
1298,102,proteinCFMSelute.php?rep=1&prot=P25787
1299,103,proteinCFMSelute.php?rep=1&prot=Q8TAA3
1300,103,proteinCFMSelute.php?rep=1&prot=P28070
1301,103,proteinCFMSelute.php?rep=1&prot=P28074
1302,103,proteinCFMSelute.php?rep=1&prot=P49721
1303,103,proteinCFMSelute.php?rep=1&prot=P20618
1304,103,proteinCFMSelute.php?rep=1&prot=O14818
1305,103,proteinCFMSelute.php?rep=1&prot=P28072
1306,103,proteinCFMSelute.php?rep=1&prot=Q99436
1307,103,proteinCFMSelute.php?rep=1&prot=P25789
1308,103,proteinCFMSelute.php?rep=1&prot=P25788
1309,103,proteinCFMSelute.php?rep=1&prot=P60900
1310,103,proteinCFMSelute.php?rep=1&prot=P28066
1311,103,proteinCFMSelute.php?rep=1&prot=P25787
1312,104,proteinCFMSelute.php?rep=1&prot=Q8TAA3
1313,104,proteinCFMSelute.php?rep=1&prot=P28070
1314,104,proteinCFMSelute.php?rep=1&prot=P28074
1315,104,proteinCFMSelute.php?rep=1&prot=P49721
1316,104,proteinCFMSelute.php?rep=1&prot=P20618
1317,104,proteinCFMSelute.php?rep=1&prot=O14818
1318,104,proteinCFMSelute.php?rep=1&prot=P28072
1319,104,proteinCFMSelute.php?rep=1&prot=Q99436
1320,104,proteinCFMSelute.php?rep=1&prot=P25789
1321,104,proteinCFMSelute.php?rep=1&prot=P25788
1322,104,proteinCFMSelute.php?rep=1&prot=P60900
1323,104,proteinCFMSelute.php?rep=1&prot=P28066
1324,104,proteinCFMSelute.php?rep=1&prot=P25787
1325,105,proteinCFMSelute.php?rep=1&prot=Q8TAA3
1326,105,proteinCFMSelute.php?rep=1&prot=P28070
1327,105,proteinCFMSelute.php?rep=1&prot=P28074
1328,105,proteinCFMSelute.php?rep=1&prot=P49721
1329,105,proteinCFMSelute.php?rep=1&prot=P20618
1330,105,proteinCFMSelute.php?rep=1&prot=O14818
1331,105,proteinCFMSelute.php?rep=1&prot=P28072
1332,105,proteinCFMSelute.php?rep=1&prot=Q99436
1333,105,proteinCFMSelute.php?rep=1&prot=P25789
1334,105,proteinCFMSelute.php?rep=1&prot=P25788
1335,105,proteinCFMSelute.php?rep=1&prot=P60900
1336,105,proteinCFMSelute.php?rep=1&prot=P28066
1337,105,proteinCFMSelute.php?rep=1&prot=P25787
1338,106,proteinCFMSelute.php?rep=1&prot=Q8TAA3
1339,106,proteinCFMSelute.php?rep=1&prot=P28070
1340,106,proteinCFMSelute.php?rep=1&prot=P28074
1341,106,proteinCFMSelute.php?rep=1&prot=P49721
1342,106,proteinCFMSelute.php?rep=1&prot=P20618
1343,106,proteinCFMSelute.php?rep=1&prot=O14818
1344,106,proteinCFMSelute.php?rep=1&prot=P28072
1345,106,proteinCFMSelute.php?rep=1&prot=Q99436
1346,106,proteinCFMSelute.php?rep=1&prot=P25789
1347,106,proteinCFMSelute.php?rep=1&prot=P25788
1348,106,proteinCFMSelute.php?rep=1&prot=P60900
1349,106,proteinCFMSelute.php?rep=1&prot=P28066
1350,106,proteinCFMSelute.php?rep=1&prot=P25787
1351,107,proteinCFMSelute.php?rep=1&prot=Q8TAA3
1352,107,proteinCFMSelute.php?rep=1&prot=P28070
1353,107,proteinCFMSelute.php?rep=1&prot=P28074
1354,107,proteinCFMSelute.php?rep=1&prot=P49721
1355,107,proteinCFMSelute.php?rep=1&prot=P20618
1356,107,proteinCFMSelute.php?rep=1&prot=O14818
1357,107,proteinCFMSelute.php?rep=1&prot=P28072
1358,107,proteinCFMSelute.php?rep=1&prot=Q99436
1359,107,proteinCFMSelute.php?rep=1&prot=P25789
1360,107,proteinCFMSelute.php?rep=1&prot=P25788
1361,107,proteinCFMSelute.php?rep=1&prot=P60900
1362,107,proteinCFMSelute.php?rep=1&prot=P28066
1363,107,proteinCFMSelute.php?rep=1&prot=P25787
1364,108,proteinCFMSelute.php?rep=1&prot=Q8TAA3
1365,108,proteinCFMSelute.php?rep=1&prot=P28070
1366,108,proteinCFMSelute.php?rep=1&prot=P28074
1367,108,proteinCFMSelute.php?rep=1&prot=P49721
1368,108,proteinCFMSelute.php?rep=1&prot=P20618
1369,108,proteinCFMSelute.php?rep=1&prot=O14818
1370,108,proteinCFMSelute.php?rep=1&prot=P28072
1371,108,proteinCFMSelute.php?rep=1&prot=Q99436
1372,108,proteinCFMSelute.php?rep=1&prot=P25789
1373,108,proteinCFMSelute.php?rep=1&prot=P25788
1374,108,proteinCFMSelute.php?rep=1&prot=P60900
1375,108,proteinCFMSelute.php?rep=1&prot=P28066
1376,108,proteinCFMSelute.php?rep=1&prot=P25787
1377,109,proteinCFMSelute.php?rep=1&prot=Q8TAA3
1378,109,proteinCFMSelute.php?rep=1&prot=P28070
1379,109,proteinCFMSelute.php?rep=1&prot=P28074
1380,109,proteinCFMSelute.php?rep=1&prot=P49721
1381,109,proteinCFMSelute.php?rep=1&prot=P20618
1382,109,proteinCFMSelute.php?rep=1&prot=O14818
1383,109,proteinCFMSelute.php?rep=1&prot=P28072
1384,109,proteinCFMSelute.php?rep=1&prot=Q99436
1385,109,proteinCFMSelute.php?rep=1&prot=P25789
1386,109,proteinCFMSelute.php?rep=1&prot=P25788
1387,109,proteinCFMSelute.php?rep=1&prot=P60900
1388,109,proteinCFMSelute.php?rep=1&prot=P28066
1389,109,proteinCFMSelute.php?rep=1&prot=P25787
1390,110,proteinCFMSelute.php?rep=1&prot=Q8TAA3
1391,110,proteinCFMSelute.php?rep=1&prot=P28070
1392,110,proteinCFMSelute.php?rep=1&prot=P28074
1393,110,proteinCFMSelute.php?rep=1&prot=P49721
1394,110,proteinCFMSelute.php?rep=1&prot=P20618
1395,110,proteinCFMSelute.php?rep=1&prot=O14818
1396,110,proteinCFMSelute.php?rep=1&prot=P28072
1397,110,proteinCFMSelute.php?rep=1&prot=Q99436
1398,110,proteinCFMSelute.php?rep=1&prot=P25789
1399,110,proteinCFMSelute.php?rep=1&prot=P25788
1400,110,proteinCFMSelute.php?rep=1&prot=P60900
1401,110,proteinCFMSelute.php?rep=1&prot=P28066
1402,110,proteinCFMSelute.php?rep=1&prot=P25787
1403,111,proteinCFMSelute.php?rep=1&prot=Q8TAA3
1404,111,proteinCFMSelute.php?rep=1&prot=P28070
1405,111,proteinCFMSelute.php?rep=1&prot=P28074
1406,111,proteinCFMSelute.php?rep=1&prot=P49721
1407,111,proteinCFMSelute.php?rep=1&prot=P20618
1408,111,proteinCFMSelute.php?rep=1&prot=O14818
1409,111,proteinCFMSelute.php?rep=1&prot=P28072
1410,111,proteinCFMSelute.php?rep=1&prot=Q99436
1411,111,proteinCFMSelute.php?rep=1&prot=P25789
1412,111,proteinCFMSelute.php?rep=1&prot=P25788
1413,111,proteinCFMSelute.php?rep=1&prot=P60900
1414,111,proteinCFMSelute.php?rep=1&prot=P28066
1415,111,proteinCFMSelute.php?rep=1&prot=P25787
1416,112,proteinCFMSelute.php?rep=1&prot=Q8TAA3
1417,112,proteinCFMSelute.php?rep=1&prot=P28070
1418,112,proteinCFMSelute.php?rep=1&prot=P28074
1419,112,proteinCFMSelute.php?rep=1&prot=P49721
1420,112,proteinCFMSelute.php?rep=1&prot=P20618
1421,112,proteinCFMSelute.php?rep=1&prot=O14818
1422,112,proteinCFMSelute.php?rep=1&prot=P28072
1423,112,proteinCFMSelute.php?rep=1&prot=Q99436
1424,112,proteinCFMSelute.php?rep=1&prot=P25789
1425,112,proteinCFMSelute.php?rep=1&prot=P25788
1426,112,proteinCFMSelute.php?rep=1&prot=P60900
1427,112,proteinCFMSelute.php?rep=1&prot=P28066
1428,112,proteinCFMSelute.php?rep=1&prot=P25787
1429,113,proteinCFMSelute.php?rep=1&prot=Q8TAA3
1430,113,proteinCFMSelute.php?rep=1&prot=P28070
1431,113,proteinCFMSelute.php?rep=1&prot=P28074
1432,113,proteinCFMSelute.php?rep=1&prot=P49721
1433,113,proteinCFMSelute.php?rep=1&prot=P20618
1434,113,proteinCFMSelute.php?rep=1&prot=O14818
1435,113,proteinCFMSelute.php?rep=1&prot=P28072
1436,113,proteinCFMSelute.php?rep=1&prot=Q99436
1437,113,proteinCFMSelute.php?rep=1&prot=P25789
1438,113,proteinCFMSelute.php?rep=1&prot=P25788
1439,113,proteinCFMSelute.php?rep=1&prot=P60900
1440,113,proteinCFMSelute.php?rep=1&prot=P28066
1441,113,proteinCFMSelute.php?rep=1&prot=P25787
1442,114,proteinCFMSelute.php?rep=1&prot=Q8TAA3
1443,114,proteinCFMSelute.php?rep=1&prot=P28070
1444,114,proteinCFMSelute.php?rep=1&prot=P28074
1445,114,proteinCFMSelute.php?rep=1&prot=P49721
1446,114,proteinCFMSelute.php?rep=1&prot=P20618
1447,114,proteinCFMSelute.php?rep=1&prot=O14818
1448,114,proteinCFMSelute.php?rep=1&prot=P28072
1449,114,proteinCFMSelute.php?rep=1&prot=Q99436
1450,114,proteinCFMSelute.php?rep=1&prot=P25789
1451,114,proteinCFMSelute.php?rep=1&prot=P25788
1452,114,proteinCFMSelute.php?rep=1&prot=P60900
1453,114,proteinCFMSelute.php?rep=1&prot=P28066
1454,114,proteinCFMSelute.php?rep=1&prot=P25787
1455,115,proteinCFMSelute.php?rep=1&prot=Q8TAA3
1456,115,proteinCFMSelute.php?rep=1&prot=P28070
1457,115,proteinCFMSelute.php?rep=1&prot=P28074
1458,115,proteinCFMSelute.php?rep=1&prot=P49721
1459,115,proteinCFMSelute.php?rep=1&prot=P20618
1460,115,proteinCFMSelute.php?rep=1&prot=O14818
1461,115,proteinCFMSelute.php?rep=1&prot=P28072
1462,115,proteinCFMSelute.php?rep=1&prot=Q99436
1463,115,proteinCFMSelute.php?rep=1&prot=P25789
1464,115,proteinCFMSelute.php?rep=1&prot=P25788
1465,115,proteinCFMSelute.php?rep=1&prot=P60900
1466,115,proteinCFMSelute.php?rep=1&prot=P28066
1467,115,proteinCFMSelute.php?rep=1&prot=P25787
1468,116,proteinCFMSelute.php?rep=1&prot=Q8TAA3
1469,116,proteinCFMSelute.php?rep=1&prot=P28070
1470,116,proteinCFMSelute.php?rep=1&prot=P28074
1471,116,proteinCFMSelute.php?rep=1&prot=P49721
1472,116,proteinCFMSelute.php?rep=1&prot=P20618
1473,116,proteinCFMSelute.php?rep=1&prot=O14818
1474,116,proteinCFMSelute.php?rep=1&prot=P28072
1475,116,proteinCFMSelute.php?rep=1&prot=Q99436
1476,116,proteinCFMSelute.php?rep=1&prot=P25789
1477,116,proteinCFMSelute.php?rep=1&prot=P25788
1478,116,proteinCFMSelute.php?rep=1&prot=P60900
1479,116,proteinCFMSelute.php?rep=1&prot=P28066
1480,116,proteinCFMSelute.php?rep=1&prot=P25787
1481,117,proteinCFMSelute.php?rep=1&prot=Q8TAA3
1482,117,proteinCFMSelute.php?rep=1&prot=P28070
1483,117,proteinCFMSelute.php?rep=1&prot=P28074
1484,117,proteinCFMSelute.php?rep=1&prot=P49721
1485,117,proteinCFMSelute.php?rep=1&prot=P20618
1486,117,proteinCFMSelute.php?rep=1&prot=O14818
1487,117,proteinCFMSelute.php?rep=1&prot=P28072
1488,117,proteinCFMSelute.php?rep=1&prot=Q99436
1489,117,proteinCFMSelute.php?rep=1&prot=P25789
1490,117,proteinCFMSelute.php?rep=1&prot=P25788
1491,117,proteinCFMSelute.php?rep=1&prot=P60900
1492,117,proteinCFMSelute.php?rep=1&prot=P28066
1493,117,proteinCFMSelute.php?rep=1&prot=P25787
1494,118,proteinCFMSelute.php?rep=1&prot=Q8TAA3
1495,118,proteinCFMSelute.php?rep=1&prot=P28070
1496,118,proteinCFMSelute.php?rep=1&prot=P28074
1497,118,proteinCFMSelute.php?rep=1&prot=P49721
1498,118,proteinCFMSelute.php?rep=1&prot=P20618
1499,118,proteinCFMSelute.php?rep=1&prot=O14818
1500,118,proteinCFMSelute.php?rep=1&prot=P28072
1501,118,proteinCFMSelute.php?rep=1&prot=Q99436
1502,118,proteinCFMSelute.php?rep=1&prot=P25789
1503,118,proteinCFMSelute.php?rep=1&prot=P25788
1504,118,proteinCFMSelute.php?rep=1&prot=P60900
1505,118,proteinCFMSelute.php?rep=1&prot=P28066
1506,118,proteinCFMSelute.php?rep=1&prot=P25787
1507,119,proteinCFMSelute.php?rep=1&prot=Q8TAA3
1508,119,proteinCFMSelute.php?rep=1&prot=P28070
1509,119,proteinCFMSelute.php?rep=1&prot=P28074
1510,119,proteinCFMSelute.php?rep=1&prot=P49721
1511,119,proteinCFMSelute.php?rep=1&prot=P20618
1512,119,proteinCFMSelute.php?rep=1&prot=O14818
1513,119,proteinCFMSelute.php?rep=1&prot=P28072
1514,119,proteinCFMSelute.php?rep=1&prot=Q99436
1515,119,proteinCFMSelute.php?rep=1&prot=P25789
1516,119,proteinCFMSelute.php?rep=1&prot=P25788
1517,119,proteinCFMSelute.php?rep=1&prot=P60900
1518,119,proteinCFMSelute.php?rep=1&prot=P28066
1519,119,proteinCFMSelute.php?rep=1&prot=P25787
1520,120,proteinCFMSelute.php?rep=1&prot=Q8TAA3
1521,120,proteinCFMSelute.php?rep=1&prot=P28070
1522,120,proteinCFMSelute.php?rep=1&prot=P28074
1523,120,proteinCFMSelute.php?rep=1&prot=P49721
1524,120,proteinCFMSelute.php?rep=1&prot=P20618
1525,120,proteinCFMSelute.php?rep=1&prot=O14818
1526,120,proteinCFMSelute.php?rep=1&prot=P28072
1527,120,proteinCFMSelute.php?rep=1&prot=Q99436
1528,120,proteinCFMSelute.php?rep=1&prot=P25789
1529,120,proteinCFMSelute.php?rep=1&prot=P25788
1530,120,proteinCFMSelute.php?rep=1&prot=P60900
1531,120,proteinCFMSelute.php?rep=1&prot=P28066
1532,120,proteinCFMSelute.php?rep=1&prot=P25787
1533,121,proteinCFMSelute.php?rep=1&prot=Q8TAA3
1534,121,proteinCFMSelute.php?rep=1&prot=P28070
1535,121,proteinCFMSelute.php?rep=1&prot=P28074
1536,121,proteinCFMSelute.php?rep=1&prot=P49721
1537,121,proteinCFMSelute.php?rep=1&prot=P20618
1538,121,proteinCFMSelute.php?rep=1&prot=O14818
1539,121,proteinCFMSelute.php?rep=1&prot=P28072
1540,121,proteinCFMSelute.php?rep=1&prot=Q99436
1541,121,proteinCFMSelute.php?rep=1&prot=P25789
1542,121,proteinCFMSelute.php?rep=1&prot=P25788
1543,121,proteinCFMSelute.php?rep=1&prot=P60900
1544,121,proteinCFMSelute.php?rep=1&prot=P28066
1545,121,proteinCFMSelute.php?rep=1&prot=P25787
1546,122,proteinCFMSelute.php?rep=1&prot=Q8TAA3
1547,122,proteinCFMSelute.php?rep=1&prot=P28070
1548,122,proteinCFMSelute.php?rep=1&prot=P28074
1549,122,proteinCFMSelute.php?rep=1&prot=P49721
1550,122,proteinCFMSelute.php?rep=1&prot=P20618
1551,122,proteinCFMSelute.php?rep=1&prot=O14818
1552,122,proteinCFMSelute.php?rep=1&prot=P28072
1553,122,proteinCFMSelute.php?rep=1&prot=Q99436
1554,122,proteinCFMSelute.php?rep=1&prot=P25789
1555,122,proteinCFMSelute.php?rep=1&prot=P25788
1556,122,proteinCFMSelute.php?rep=1&prot=P60900
1557,122,proteinCFMSelute.php?rep=1&prot=P28066
1558,122,proteinCFMSelute.php?rep=1&prot=P25787
1559,123,proteinCFMSelute.php?rep=1&prot=Q8TAA3
1560,123,proteinCFMSelute.php?rep=1&prot=P28070
1561,123,proteinCFMSelute.php?rep=1&prot=P28074
1562,123,proteinCFMSelute.php?rep=1&prot=P49721
1563,123,proteinCFMSelute.php?rep=1&prot=P20618
1564,123,proteinCFMSelute.php?rep=1&prot=O14818
1565,123,proteinCFMSelute.php?rep=1&prot=P28072
1566,123,proteinCFMSelute.php?rep=1&prot=Q99436
1567,123,proteinCFMSelute.php?rep=1&prot=P25789
1568,123,proteinCFMSelute.php?rep=1&prot=P25788
1569,123,proteinCFMSelute.php?rep=1&prot=P60900
1570,123,proteinCFMSelute.php?rep=1&prot=P28066
1571,123,proteinCFMSelute.php?rep=1&prot=P25787
1572,124,proteinCFMSelute.php?rep=1&prot=Q8TAA3
1573,124,proteinCFMSelute.php?rep=1&prot=P28070
1574,124,proteinCFMSelute.php?rep=1&prot=P28074
1575,124,proteinCFMSelute.php?rep=1&prot=P49721
1576,124,proteinCFMSelute.php?rep=1&prot=P20618
1577,124,proteinCFMSelute.php?rep=1&prot=O14818
1578,124,proteinCFMSelute.php?rep=1&prot=P28072
1579,124,proteinCFMSelute.php?rep=1&prot=Q99436
1580,124,proteinCFMSelute.php?rep=1&prot=P25789
1581,124,proteinCFMSelute.php?rep=1&prot=P25788
1582,124,proteinCFMSelute.php?rep=1&prot=P60900
1583,124,proteinCFMSelute.php?rep=1&prot=P28066
1584,124,proteinCFMSelute.php?rep=1&prot=P25787
1585,125,proteinCFMSelute.php?rep=1&prot=Q8TAA3
1586,125,proteinCFMSelute.php?rep=1&prot=P28070
1587,125,proteinCFMSelute.php?rep=1&prot=P28074
1588,125,proteinCFMSelute.php?rep=1&prot=P49721
1589,125,proteinCFMSelute.php?rep=1&prot=P20618
1590,125,proteinCFMSelute.php?rep=1&prot=O14818
1591,125,proteinCFMSelute.php?rep=1&prot=P28072
1592,125,proteinCFMSelute.php?rep=1&prot=Q99436
1593,125,proteinCFMSelute.php?rep=1&prot=P25789
1594,125,proteinCFMSelute.php?rep=1&prot=P25788
1595,125,proteinCFMSelute.php?rep=1&prot=P60900
1596,125,proteinCFMSelute.php?rep=1&prot=P28066
1597,125,proteinCFMSelute.php?rep=1&prot=P25787
1598,126,proteinCFMSelute.php?rep=1&prot=Q8TAA3
1599,126,proteinCFMSelute.php?rep=1&prot=P28070
1600,126,proteinCFMSelute.php?rep=1&prot=P28074
1601,126,proteinCFMSelute.php?rep=1&prot=P49721
1602,126,proteinCFMSelute.php?rep=1&prot=P20618
1603,126,proteinCFMSelute.php?rep=1&prot=O14818
1604,126,proteinCFMSelute.php?rep=1&prot=P28072
1605,126,proteinCFMSelute.php?rep=1&prot=Q99436
1606,126,proteinCFMSelute.php?rep=1&prot=P25789
1607,126,proteinCFMSelute.php?rep=1&prot=P25788
1608,126,proteinCFMSelute.php?rep=1&prot=P60900
1609,126,proteinCFMSelute.php?rep=1&prot=P28066
1610,126,proteinCFMSelute.php?rep=1&prot=P25787
1611,127,proteinCFMSelute.php?rep=1&prot=Q8TAA3
1612,127,proteinCFMSelute.php?rep=1&prot=P28070
1613,127,proteinCFMSelute.php?rep=1&prot=P28074
1614,127,proteinCFMSelute.php?rep=1&prot=P49721
1615,127,proteinCFMSelute.php?rep=1&prot=P20618
1616,127,proteinCFMSelute.php?rep=1&prot=O14818
1617,127,proteinCFMSelute.php?rep=1&prot=P28072
1618,127,proteinCFMSelute.php?rep=1&prot=Q99436
1619,127,proteinCFMSelute.php?rep=1&prot=P25789
1620,127,proteinCFMSelute.php?rep=1&prot=P25788
1621,127,proteinCFMSelute.php?rep=1&prot=P60900
1622,127,proteinCFMSelute.php?rep=1&prot=P28066
1623,127,proteinCFMSelute.php?rep=1&prot=P25787
1624,128,proteinCFMSelute.php?rep=1&prot=Q8TAA3
1625,128,proteinCFMSelute.php?rep=1&prot=P28070
1626,128,proteinCFMSelute.php?rep=1&prot=P28074
1627,128,proteinCFMSelute.php?rep=1&prot=P49721
1628,128,proteinCFMSelute.php?rep=1&prot=P20618
1629,128,proteinCFMSelute.php?rep=1&prot=O14818
1630,128,proteinCFMSelute.php?rep=1&prot=P28072
1631,128,proteinCFMSelute.php?rep=1&prot=Q99436
1632,128,proteinCFMSelute.php?rep=1&prot=P25789
1633,128,proteinCFMSelute.php?rep=1&prot=P25788
1634,128,proteinCFMSelute.php?rep=1&prot=P60900
1635,128,proteinCFMSelute.php?rep=1&prot=P28066
1636,128,proteinCFMSelute.php?rep=1&prot=P25787
1637,129,proteinCFMSelute.php?rep=1&prot=Q8TAA3
1638,129,proteinCFMSelute.php?rep=1&prot=P28070
1639,129,proteinCFMSelute.php?rep=1&prot=P28074
1640,129,proteinCFMSelute.php?rep=1&prot=P49721
1641,129,proteinCFMSelute.php?rep=1&prot=P20618
1642,129,proteinCFMSelute.php?rep=1&prot=O14818
1643,129,proteinCFMSelute.php?rep=1&prot=P28072
1644,129,proteinCFMSelute.php?rep=1&prot=Q99436
1645,129,proteinCFMSelute.php?rep=1&prot=P25789
1646,129,proteinCFMSelute.php?rep=1&prot=P25788
1647,129,proteinCFMSelute.php?rep=1&prot=P60900
1648,129,proteinCFMSelute.php?rep=1&prot=P28066
1649,129,proteinCFMSelute.php?rep=1&prot=P25787
1650,130,proteinCFMSelute.php?rep=1&prot=Q8TAA3
1651,130,proteinCFMSelute.php?rep=1&prot=P28070
1652,130,proteinCFMSelute.php?rep=1&prot=P28074
1653,130,proteinCFMSelute.php?rep=1&prot=P49721
1654,130,proteinCFMSelute.php?rep=1&prot=P20618
1655,130,proteinCFMSelute.php?rep=1&prot=O14818
1656,130,proteinCFMSelute.php?rep=1&prot=P28072
1657,130,proteinCFMSelute.php?rep=1&prot=Q99436
1658,130,proteinCFMSelute.php?rep=1&prot=P25789
1659,130,proteinCFMSelute.php?rep=1&prot=P25788
1660,130,proteinCFMSelute.php?rep=1&prot=P60900
1661,130,proteinCFMSelute.php?rep=1&prot=P28066
1662,130,proteinCFMSelute.php?rep=1&prot=P25787
1663,131,proteinCFMSelute.php?rep=1&prot=Q8TAA3
1664,131,proteinCFMSelute.php?rep=1&prot=P28070
1665,131,proteinCFMSelute.php?rep=1&prot=P28074
1666,131,proteinCFMSelute.php?rep=1&prot=P49721
1667,131,proteinCFMSelute.php?rep=1&prot=P20618
1668,131,proteinCFMSelute.php?rep=1&prot=O14818
1669,131,proteinCFMSelute.php?rep=1&prot=P28072
1670,131,proteinCFMSelute.php?rep=1&prot=Q99436
1671,131,proteinCFMSelute.php?rep=1&prot=P25789
1672,131,proteinCFMSelute.php?rep=1&prot=P25788
1673,131,proteinCFMSelute.php?rep=1&prot=P60900
1674,131,proteinCFMSelute.php?rep=1&prot=P28066
1675,131,proteinCFMSelute.php?rep=1&prot=P25787
1676,132,proteinCFMSelute.php?rep=1&prot=Q8TAA3
1677,132,proteinCFMSelute.php?rep=1&prot=P28070
1678,132,proteinCFMSelute.php?rep=1&prot=P28074
1679,132,proteinCFMSelute.php?rep=1&prot=P49721
1680,132,proteinCFMSelute.php?rep=1&prot=P20618
1681,132,proteinCFMSelute.php?rep=1&prot=O14818
1682,132,proteinCFMSelute.php?rep=1&prot=P28072
1683,132,proteinCFMSelute.php?rep=1&prot=Q99436
1684,132,proteinCFMSelute.php?rep=1&prot=P25789
1685,132,proteinCFMSelute.php?rep=1&prot=P25788
1686,132,proteinCFMSelute.php?rep=1&prot=P60900
1687,132,proteinCFMSelute.php?rep=1&prot=P28066
1688,132,proteinCFMSelute.php?rep=1&prot=P25787
1689,133,proteinCFMSelute.php?rep=1&prot=Q8TAA3
1690,133,proteinCFMSelute.php?rep=1&prot=P28070
1691,133,proteinCFMSelute.php?rep=1&prot=P28074
1692,133,proteinCFMSelute.php?rep=1&prot=P49721
1693,133,proteinCFMSelute.php?rep=1&prot=P20618
1694,133,proteinCFMSelute.php?rep=1&prot=O14818
1695,133,proteinCFMSelute.php?rep=1&prot=P28072
1696,133,proteinCFMSelute.php?rep=1&prot=Q99436
1697,133,proteinCFMSelute.php?rep=1&prot=P25789
1698,133,proteinCFMSelute.php?rep=1&prot=P25788
1699,133,proteinCFMSelute.php?rep=1&prot=P60900
1700,133,proteinCFMSelute.php?rep=1&prot=P28066
1701,133,proteinCFMSelute.php?rep=1&prot=P25787
1702,134,proteinCFMSelute.php?rep=1&prot=Q8TAA3
1703,134,proteinCFMSelute.php?rep=1&prot=P28070
1704,134,proteinCFMSelute.php?rep=1&prot=P28074
1705,134,proteinCFMSelute.php?rep=1&prot=P49721
1706,134,proteinCFMSelute.php?rep=1&prot=P20618
1707,134,proteinCFMSelute.php?rep=1&prot=O14818
1708,134,proteinCFMSelute.php?rep=1&prot=P28072
1709,134,proteinCFMSelute.php?rep=1&prot=Q99436
1710,134,proteinCFMSelute.php?rep=1&prot=P25789
1711,134,proteinCFMSelute.php?rep=1&prot=P25788
1712,134,proteinCFMSelute.php?rep=1&prot=P60900
1713,134,proteinCFMSelute.php?rep=1&prot=P28066
1714,134,proteinCFMSelute.php?rep=1&prot=P25787
1715,135,proteinCFMSelute.php?rep=1&prot=Q8TAA3
1716,135,proteinCFMSelute.php?rep=1&prot=P28070
1717,135,proteinCFMSelute.php?rep=1&prot=P28074
1718,135,proteinCFMSelute.php?rep=1&prot=P49721
1719,135,proteinCFMSelute.php?rep=1&prot=P20618
1720,135,proteinCFMSelute.php?rep=1&prot=O14818
1721,135,proteinCFMSelute.php?rep=1&prot=P28072
1722,135,proteinCFMSelute.php?rep=1&prot=Q99436
1723,135,proteinCFMSelute.php?rep=1&prot=P25789
1724,135,proteinCFMSelute.php?rep=1&prot=P25788
1725,135,proteinCFMSelute.php?rep=1&prot=P60900
1726,135,proteinCFMSelute.php?rep=1&prot=P28066
1727,135,proteinCFMSelute.php?rep=1&prot=P25787
1728,136,proteinCFMSelute.php?rep=1&prot=Q8TAA3
1729,136,proteinCFMSelute.php?rep=1&prot=P28070
1730,136,proteinCFMSelute.php?rep=1&prot=P28074
1731,136,proteinCFMSelute.php?rep=1&prot=P49721
1732,136,proteinCFMSelute.php?rep=1&prot=P20618
1733,136,proteinCFMSelute.php?rep=1&prot=O14818
1734,136,proteinCFMSelute.php?rep=1&prot=P28072
1735,136,proteinCFMSelute.php?rep=1&prot=Q99436
1736,136,proteinCFMSelute.php?rep=1&prot=P25789
1737,136,proteinCFMSelute.php?rep=1&prot=P25788
1738,136,proteinCFMSelute.php?rep=1&prot=P60900
1739,136,proteinCFMSelute.php?rep=1&prot=P28066
1740,136,proteinCFMSelute.php?rep=1&prot=P25787
1741,137,proteinCFMSelute.php?rep=1&prot=Q8TAA3
1742,137,proteinCFMSelute.php?rep=1&prot=P28070
1743,137,proteinCFMSelute.php?rep=1&prot=P28074
1744,137,proteinCFMSelute.php?rep=1&prot=P49721
1745,137,proteinCFMSelute.php?rep=1&prot=P20618
1746,137,proteinCFMSelute.php?rep=1&prot=O14818
1747,137,proteinCFMSelute.php?rep=1&prot=P28072
1748,137,proteinCFMSelute.php?rep=1&prot=Q99436
1749,137,proteinCFMSelute.php?rep=1&prot=P25789
1750,137,proteinCFMSelute.php?rep=1&prot=P25788
1751,137,proteinCFMSelute.php?rep=1&prot=P60900
1752,137,proteinCFMSelute.php?rep=1&prot=P28066
1753,137,proteinCFMSelute.php?rep=1&prot=P25787
1754,138,proteinCFMSelute.php?rep=1&prot=Q8TAA3
1755,138,proteinCFMSelute.php?rep=1&prot=P28070
1756,138,proteinCFMSelute.php?rep=1&prot=P28074
1757,138,proteinCFMSelute.php?rep=1&prot=P49721
1758,138,proteinCFMSelute.php?rep=1&prot=P20618
1759,138,proteinCFMSelute.php?rep=1&prot=O14818
1760,138,proteinCFMSelute.php?rep=1&prot=P28072
1761,138,proteinCFMSelute.php?rep=1&prot=Q99436
1762,138,proteinCFMSelute.php?rep=1&prot=P25789
1763,138,proteinCFMSelute.php?rep=1&prot=P25788
1764,138,proteinCFMSelute.php?rep=1&prot=P60900
1765,138,proteinCFMSelute.php?rep=1&prot=P28066
1766,138,proteinCFMSelute.php?rep=1&prot=P25787
1767,139,proteinCFMSelute.php?rep=1&prot=Q8TAA3
1768,139,proteinCFMSelute.php?rep=1&prot=P28070
1769,139,proteinCFMSelute.php?rep=1&prot=P28074
1770,139,proteinCFMSelute.php?rep=1&prot=P49721
1771,139,proteinCFMSelute.php?rep=1&prot=P20618
1772,139,proteinCFMSelute.php?rep=1&prot=O14818
1773,139,proteinCFMSelute.php?rep=1&prot=P28072
1774,139,proteinCFMSelute.php?rep=1&prot=Q99436
1775,139,proteinCFMSelute.php?rep=1&prot=P25789
1776,139,proteinCFMSelute.php?rep=1&prot=P25788
1777,139,proteinCFMSelute.php?rep=1&prot=P60900
1778,139,proteinCFMSelute.php?rep=1&prot=P28066
1779,139,proteinCFMSelute.php?rep=1&prot=P25787
1780,140,proteinCFMSelute.php?rep=1&prot=Q8TAA3
1781,140,proteinCFMSelute.php?rep=1&prot=P28070
1782,140,proteinCFMSelute.php?rep=1&prot=P28074
1783,140,proteinCFMSelute.php?rep=1&prot=P49721
1784,140,proteinCFMSelute.php?rep=1&prot=P20618
1785,140,proteinCFMSelute.php?rep=1&prot=O14818
1786,140,proteinCFMSelute.php?rep=1&prot=P28072
1787,140,proteinCFMSelute.php?rep=1&prot=Q99436
1788,140,proteinCFMSelute.php?rep=1&prot=P25789
1789,140,proteinCFMSelute.php?rep=1&prot=P25788
1790,140,proteinCFMSelute.php?rep=1&prot=P60900
1791,140,proteinCFMSelute.php?rep=1&prot=P28066
1792,140,proteinCFMSelute.php?rep=1&prot=P25787
1793,141,proteinCFMSelute.php?rep=1&prot=Q8TAA3
1794,141,proteinCFMSelute.php?rep=1&prot=P28070
1795,141,proteinCFMSelute.php?rep=1&prot=P28074
1796,141,proteinCFMSelute.php?rep=1&prot=P49721
1797,141,proteinCFMSelute.php?rep=1&prot=P20618
1798,141,proteinCFMSelute.php?rep=1&prot=O14818
1799,141,proteinCFMSelute.php?rep=1&prot=P28072
1800,141,proteinCFMSelute.php?rep=1&prot=Q99436
1801,141,proteinCFMSelute.php?rep=1&prot=P25789
1802,141,proteinCFMSelute.php?rep=1&prot=P25788
1803,141,proteinCFMSelute.php?rep=1&prot=P60900
1804,141,proteinCFMSelute.php?rep=1&prot=P28066
1805,141,proteinCFMSelute.php?rep=1&prot=P25787
1806,142,proteinCFMSelute.php?rep=1&prot=Q8TAA3
1807,142,proteinCFMSelute.php?rep=1&prot=P28070
1808,142,proteinCFMSelute.php?rep=1&prot=P28074
1809,142,proteinCFMSelute.php?rep=1&prot=P49721
1810,142,proteinCFMSelute.php?rep=1&prot=P20618
1811,142,proteinCFMSelute.php?rep=1&prot=O14818
1812,142,proteinCFMSelute.php?rep=1&prot=P28072
1813,142,proteinCFMSelute.php?rep=1&prot=Q99436
1814,142,proteinCFMSelute.php?rep=1&prot=P25789
1815,142,proteinCFMSelute.php?rep=1&prot=P25788
1816,142,proteinCFMSelute.php?rep=1&prot=P60900
1817,142,proteinCFMSelute.php?rep=1&prot=P28066
1818,142,proteinCFMSelute.php?rep=1&prot=P25787
1819,143,proteinCFMSelute.php?rep=1&prot=Q8TAA3
1820,143,proteinCFMSelute.php?rep=1&prot=P28070
1821,143,proteinCFMSelute.php?rep=1&prot=P28074
1822,143,proteinCFMSelute.php?rep=1&prot=P49721
1823,143,proteinCFMSelute.php?rep=1&prot=P20618
1824,143,proteinCFMSelute.php?rep=1&prot=O14818
1825,143,proteinCFMSelute.php?rep=1&prot=P28072
1826,143,proteinCFMSelute.php?rep=1&prot=Q99436
1827,143,proteinCFMSelute.php?rep=1&prot=P25789
1828,143,proteinCFMSelute.php?rep=1&prot=P25788
1829,143,proteinCFMSelute.php?rep=1&prot=P60900
1830,143,proteinCFMSelute.php?rep=1&prot=P28066
1831,143,proteinCFMSelute.php?rep=1&prot=P25787
1832,144,proteinCFMSelute.php?rep=1&prot=Q8TAA3
1833,144,proteinCFMSelute.php?rep=1&prot=P28070
1834,144,proteinCFMSelute.php?rep=1&prot=P28074
1835,144,proteinCFMSelute.php?rep=1&prot=P49721
1836,144,proteinCFMSelute.php?rep=1&prot=P20618
1837,144,proteinCFMSelute.php?rep=1&prot=O14818
1838,144,proteinCFMSelute.php?rep=1&prot=P28072
1839,144,proteinCFMSelute.php?rep=1&prot=Q99436
1840,144,proteinCFMSelute.php?rep=1&prot=P25789
1841,144,proteinCFMSelute.php?rep=1&prot=P25788
1842,144,proteinCFMSelute.php?rep=1&prot=P60900
1843,144,proteinCFMSelute.php?rep=1&prot=P28066
1844,144,proteinCFMSelute.php?rep=1&prot=P25787
1845,145,proteinCFMSelute.php?rep=1&prot=Q8TAA3
1846,145,proteinCFMSelute.php?rep=1&prot=P28070
1847,145,proteinCFMSelute.php?rep=1&prot=P28074
1848,145,proteinCFMSelute.php?rep=1&prot=P49721
1849,145,proteinCFMSelute.php?rep=1&prot=P20618
1850,145,proteinCFMSelute.php?rep=1&prot=O14818
1851,145,proteinCFMSelute.php?rep=1&prot=P28072
1852,145,proteinCFMSelute.php?rep=1&prot=Q99436
1853,145,proteinCFMSelute.php?rep=1&prot=P25789
1854,145,proteinCFMSelute.php?rep=1&prot=P25788
1855,145,proteinCFMSelute.php?rep=1&prot=P60900
1856,145,proteinCFMSelute.php?rep=1&prot=P28066
1857,145,proteinCFMSelute.php?rep=1&prot=P25787
1858,146,proteinCFMSelute.php?rep=1&prot=Q8TAA3
1859,146,proteinCFMSelute.php?rep=1&prot=P28070
1860,146,proteinCFMSelute.php?rep=1&prot=P28074
1861,146,proteinCFMSelute.php?rep=1&prot=P49721
1862,146,proteinCFMSelute.php?rep=1&prot=P20618
1863,146,proteinCFMSelute.php?rep=1&prot=O14818
1864,146,proteinCFMSelute.php?rep=1&prot=P28072
1865,146,proteinCFMSelute.php?rep=1&prot=Q99436
1866,146,proteinCFMSelute.php?rep=1&prot=P25789
1867,146,proteinCFMSelute.php?rep=1&prot=P25788
1868,146,proteinCFMSelute.php?rep=1&prot=P60900
1869,146,proteinCFMSelute.php?rep=1&prot=P28066
1870,146,proteinCFMSelute.php?rep=1&prot=P25787
1871,147,proteinCFMSelute.php?rep=1&prot=Q8TAA3
1872,147,proteinCFMSelute.php?rep=1&prot=P28070
1873,147,proteinCFMSelute.php?rep=1&prot=P28074
1874,147,proteinCFMSelute.php?rep=1&prot=P49721
1875,147,proteinCFMSelute.php?rep=1&prot=P20618
1876,147,proteinCFMSelute.php?rep=1&prot=O14818
1877,147,proteinCFMSelute.php?rep=1&prot=P28072
1878,147,proteinCFMSelute.php?rep=1&prot=Q99436
1879,147,proteinCFMSelute.php?rep=1&prot=P25789
1880,147,proteinCFMSelute.php?rep=1&prot=P25788
1881,147,proteinCFMSelute.php?rep=1&prot=P60900
1882,147,proteinCFMSelute.php?rep=1&prot=P28066
1883,147,proteinCFMSelute.php?rep=1&prot=P25787
1884,148,proteinCFMSelute.php?rep=1&prot=Q8TAA3
1885,148,proteinCFMSelute.php?rep=1&prot=P28070
1886,148,proteinCFMSelute.php?rep=1&prot=P28074
1887,148,proteinCFMSelute.php?rep=1&prot=P49721
1888,148,proteinCFMSelute.php?rep=1&prot=P20618
1889,148,proteinCFMSelute.php?rep=1&prot=O14818
1890,148,proteinCFMSelute.php?rep=1&prot=P28072
1891,148,proteinCFMSelute.php?rep=1&prot=Q99436
1892,148,proteinCFMSelute.php?rep=1&prot=P25789
1893,148,proteinCFMSelute.php?rep=1&prot=P25788
1894,148,proteinCFMSelute.php?rep=1&prot=P60900
1895,148,proteinCFMSelute.php?rep=1&prot=P28066
1896,148,proteinCFMSelute.php?rep=1&prot=P25787
1897,149,proteinCFMSelute.php?rep=1&prot=Q8TAA3
1898,149,proteinCFMSelute.php?rep=1&prot=P28070
1899,149,proteinCFMSelute.php?rep=1&prot=P28074
1900,149,proteinCFMSelute.php?rep=1&prot=P49721
1901,149,proteinCFMSelute.php?rep=1&prot=P20618
1902,149,proteinCFMSelute.php?rep=1&prot=O14818
1903,149,proteinCFMSelute.php?rep=1&prot=P28072
1904,149,proteinCFMSelute.php?rep=1&prot=Q99436
1905,149,proteinCFMSelute.php?rep=1&prot=P25789
1906,149,proteinCFMSelute.php?rep=1&prot=P25788
1907,149,proteinCFMSelute.php?rep=1&prot=P60900
1908,149,proteinCFMSelute.php?rep=1&prot=P28066
1909,149,proteinCFMSelute.php?rep=1&prot=P25787
1910,150,proteinCFMSelute.php?rep=1&prot=Q8TAA3
1911,150,proteinCFMSelute.php?rep=1&prot=P28070
1912,150,proteinCFMSelute.php?rep=1&prot=P28074
1913,150,proteinCFMSelute.php?rep=1&prot=P49721
1914,150,proteinCFMSelute.php?rep=1&prot=P20618
1915,150,proteinCFMSelute.php?rep=1&prot=O14818
1916,150,proteinCFMSelute.php?rep=1&prot=P28072
1917,150,proteinCFMSelute.php?rep=1&prot=Q99436
1918,150,proteinCFMSelute.php?rep=1&prot=P25789
1919,150,proteinCFMSelute.php?rep=1&prot=P25788
1920,150,proteinCFMSelute.php?rep=1&prot=P60900
1921,150,proteinCFMSelute.php?rep=1&prot=P28066
1922,150,proteinCFMSelute.php?rep=1&prot=P25787
1923,151,proteinCFMSelute.php?rep=1&prot=Q8TAA3
1924,151,proteinCFMSelute.php?rep=1&prot=P28070
1925,151,proteinCFMSelute.php?rep=1&prot=P28074
1926,151,proteinCFMSelute.php?rep=1&prot=P49721
1927,151,proteinCFMSelute.php?rep=1&prot=P20618
1928,151,proteinCFMSelute.php?rep=1&prot=O14818
1929,151,proteinCFMSelute.php?rep=1&prot=P28072
1930,151,proteinCFMSelute.php?rep=1&prot=Q99436
1931,151,proteinCFMSelute.php?rep=1&prot=P25789
1932,151,proteinCFMSelute.php?rep=1&prot=P25788
1933,151,proteinCFMSelute.php?rep=1&prot=P60900
1934,151,proteinCFMSelute.php?rep=1&prot=P28066
1935,151,proteinCFMSelute.php?rep=1&prot=P25787
1936,152,proteinCFMSelute.php?rep=1&prot=Q8TAA3
1937,152,proteinCFMSelute.php?rep=1&prot=P28070
1938,152,proteinCFMSelute.php?rep=1&prot=P28074
1939,152,proteinCFMSelute.php?rep=1&prot=P49721
1940,152,proteinCFMSelute.php?rep=1&prot=P20618
1941,152,proteinCFMSelute.php?rep=1&prot=O14818
1942,152,proteinCFMSelute.php?rep=1&prot=P28072
1943,152,proteinCFMSelute.php?rep=1&prot=Q99436
1944,152,proteinCFMSelute.php?rep=1&prot=P25789
1945,152,proteinCFMSelute.php?rep=1&prot=P25788
1946,152,proteinCFMSelute.php?rep=1&prot=P60900
1947,152,proteinCFMSelute.php?rep=1&prot=P28066
1948,152,proteinCFMSelute.php?rep=1&prot=P25787
1949,153,proteinCFMSelute.php?rep=1&prot=Q8TAA3
1950,153,proteinCFMSelute.php?rep=1&prot=P28070
1951,153,proteinCFMSelute.php?rep=1&prot=P28074
1952,153,proteinCFMSelute.php?rep=1&prot=P49721
1953,153,proteinCFMSelute.php?rep=1&prot=P20618
1954,153,proteinCFMSelute.php?rep=1&prot=O14818
1955,153,proteinCFMSelute.php?rep=1&prot=P28072
1956,153,proteinCFMSelute.php?rep=1&prot=Q99436
1957,153,proteinCFMSelute.php?rep=1&prot=P25789
1958,153,proteinCFMSelute.php?rep=1&prot=P25788
1959,153,proteinCFMSelute.php?rep=1&prot=P60900
1960,153,proteinCFMSelute.php?rep=1&prot=P28066
1961,153,proteinCFMSelute.php?rep=1&prot=P25787
1962,154,proteinCFMSelute.php?rep=1&prot=Q8TAA3
1963,154,proteinCFMSelute.php?rep=1&prot=P28070
1964,154,proteinCFMSelute.php?rep=1&prot=P28074
1965,154,proteinCFMSelute.php?rep=1&prot=P49721
1966,154,proteinCFMSelute.php?rep=1&prot=P20618
1967,154,proteinCFMSelute.php?rep=1&prot=O14818
1968,154,proteinCFMSelute.php?rep=1&prot=P28072
1969,154,proteinCFMSelute.php?rep=1&prot=Q99436
1970,154,proteinCFMSelute.php?rep=1&prot=P25789
1971,154,proteinCFMSelute.php?rep=1&prot=P25788
1972,154,proteinCFMSelute.php?rep=1&prot=P60900
1973,154,proteinCFMSelute.php?rep=1&prot=P28066
1974,154,proteinCFMSelute.php?rep=1&prot=P25787
